Timestamp,User Count,Type,Name,Requests/s,Failures/s,50%,66%,75%,80%,90%,95%,98%,99%,99.9%,99.99%,100%,Total Request Count,Total Failure Count,Total Median Response Time,Total Average Response Time,Total Min Response Time,Total Max Response Time,Total Average Content Size
1661356287,0,,Aggregated,0.000000,0.000000,N/A,N/A,N/A,N/A,N/A,N/A,N/A,N/A,N/A,N/A,N/A,0,0,0,0.0,0,0,0
1661356292,4,GET,orders-docker,0.000000,0.000000,35,39,41,42,49,50,54,54,54,54,54,25,0,35,37.95376400000006,27.206500000000133,56.33039999999934,2.0
1661356292,4,GET,users-docker,0.000000,0.000000,38,39,39,45,46,50,50,50,50,50,50,18,0,37,38.54136666666629,27.584099999998557,81.89470000000121,2.0
1661356292,4,,Aggregated,0.000000,0.000000,36,39,41,42,49,50,54,54,54,54,54,43,0,36,38.19973720930221,27.206500000000133,81.89470000000121,2.0
1661356297,14,GET,orders-docker,18.400000,0.000000,66,98,110,120,150,190,210,280,290,290,290,126,0,66,83.8864928571428,27.206500000000133,286.97279999999915,2.0
1661356297,14,GET,users-docker,15.600000,0.000000,79,100,120,130,190,210,250,280,300,300,300,129,0,79,92.49015193798441,27.584099999998557,298.65780000000086,2.0
1661356297,14,,Aggregated,34.000000,0.000000,73,100,110,130,170,200,250,280,300,300,300,255,0,72,88.23893215686275,27.206500000000133,298.65780000000086,2.0
1661356302,24,GET,orders-docker,18.200000,0.000000,150,200,230,250,310,370,390,400,430,430,430,213,0,120.0,143.0383131455399,27.206500000000133,429.71220000000085,2.0
1661356302,24,GET,orders-pythonanywhere,0.000000,0.000000,4200,4200,4200,4200,4200,4200,4200,4200,4200,4200,4200,2,0,4212.772800000002,5482.676150000001,4212.772800000002,6752.5795,35483.0
1661356302,24,GET,users-docker,19.300000,0.000000,160,220,250,250,330,360,400,420,460,460,460,241,0,140.0,158.71369999999987,27.584099999998557,461.78210000000064,2.0
1661356302,24,GET,users-pythonanywhere,0.100000,0.000000,8000,8000,8000,8000,8000,8000,8000,8000,8000,8000,8000,2,0,5330.935,6643.5139,5330.935,7956.0928,28519.0
1661356302,24,,Aggregated,37.600000,0.000000,160,220,250,250,330,370,400,4200,8000,8000,8000,458,0,130.0,202.99026746724894,27.206500000000133,7956.0928,281.46724890829694
1661356307,34,GET,orders-docker,18.200000,0.000000,270,300,340,350,390,400,470,600,610,610,610,324,0,200.0,197.22220956790136,27.206500000000133,612.0464999999981,2.0
1661356307,34,GET,orders-pythonanywhere,0.500000,0.000000,9800,11000,11000,12000,12000,12000,12000,12000,12000,12000,12000,6,0,8600.0,8719.275116666668,4212.772800000002,11998.4918,35483.0
1661356307,34,GET,users-docker,22.600000,0.000000,260,300,330,350,400,430,530,1400,1400,1400,1400,345,0,200.0,208.46780985507235,27.584099999998557,1399.9205000000004,2.0
1661356307,34,GET,users-pythonanywhere,0.200000,0.000000,6500,6500,8000,8000,8000,8000,8000,8000,8000,8000,8000,4,0,6500.0,6586.714400000001,5330.935,7956.0928,28519.0
1661356307,34,,Aggregated,41.500000,0.000000,270,310,340,360,400,470,6500,8600,12000,12000,12000,679,0,210.0,315.88203033873344,27.206500000000133,11998.4918,483.52282768777616
1661356312,44,GET,orders-docker,20.100000,0.000000,330,390,430,470,590,770,990,3600,4000,4000,4000,409,0,240.0,262.5227246943766,27.206500000000133,4024.695300000001,2.0
1661356312,44,GET,orders-pythonanywhere,0.700000,0.000000,9500,9800,10000,10000,11000,11000,11000,11000,11000,11000,11000,10,0,9400.0,8935.108069999998,4212.772800000002,11998.4918,35483.0
1661356312,44,GET,users-docker,20.600000,0.000000,340,410,450,500,850,1400,1700,2000,3400,3400,3400,422,0,230.0,280.5663907582938,27.584099999998557,3428.3535,2.0
1661356312,44,GET,users-pythonanywhere,0.600000,0.000000,7000,7000,8400,8400,9700,9700,9700,9700,9700,9700,9700,7,0,7000.0,7345.188571428573,5330.935,9704.794600000001,28519.0
1661356312,44,,Aggregated,42.000000,0.000000,340,400,470,510,850,1700,8600,9700,11000,11000,11000,848,0,240.0,432.2384575471699,27.206500000000133,11998.4918,655.8077830188679
1661356317,50,GET,orders-docker,18.100000,0.000000,590,730,830,890,1000,1100,1600,3600,4000,4000,4000,488,0,260.0,341.2069440573771,27.206500000000133,4024.695300000001,2.0
1661356317,50,GET,orders-pythonanywhere,0.700000,0.000000,10000,10000,11000,11000,11000,11000,11000,11000,11000,11000,11000,14,0,9500.0,9248.844649999997,4212.772800000002,11998.4918,35483.0
1661356317,50,GET,users-docker,15.800000,0.000000,630,750,850,890,1100,1500,2000,2000,4600,4600,4600,504,0,250.0,359.6081000000002,27.584099999998557,4574.3349,2.0
1661356317,50,GET,users-pythonanywhere,0.700000,0.000000,9700,9700,10000,10000,13000,13000,13000,13000,13000,13000,13000,10,0,8000.0,8379.342260000001,5330.935,12520.714500000004,28519.0
1661356317,50,,Aggregated,35.300000,0.000000,610,770,870,930,1200,3600,9700,10000,13000,13000,13000,1016,0,270.0,552.1936208661416,27.206500000000133,12520.714500000004,771.5905511811023
1661356322,50,GET,orders-docker,15.100000,0.000000,620,740,840,880,1000,1300,1800,1900,2200,2200,2200,563,0,290.0,387.6626689165187,27.206500000000133,4024.695300000001,2.0
1661356322,50,GET,orders-pythonanywhere,0.900000,0.000000,11000,11000,12000,12000,13000,13000,13000,13000,13000,13000,13000,18,0,10000.0,9828.367188888888,4212.772800000002,12762.612100000002,35483.0
1661356322,50,GET,users-docker,15.600000,0.000000,660,770,840,910,1100,1700,2500,4000,4300,4300,4300,592,0,300.0,428.37997212837854,27.584099999998557,4574.3349,2.0
1661356322,50,GET,users-pythonanywhere,0.500000,0.000000,12000,12000,13000,13000,13000,13000,13000,13000,13000,13000,13000,13,0,9700.0,9251.464815384617,5330.935,12919.032900000002,28519.0
1661356322,50,,Aggregated,32.100000,0.000000,660,780,880,970,1500,2900,11000,12000,13000,13000,13000,1186,0,300.0,648.4272159359184,27.206500000000133,12919.032900000002,853.0784148397977
1661356327,50,GET,orders-docker,15.900000,0.000000,650,750,800,850,980,1200,1800,1900,2200,2200,2200,652,0,340.0,430.1208504601228,27.206500000000133,4024.695300000001,2.0
1661356327,50,GET,orders-pythonanywhere,0.900000,0.000000,13000,14000,14000,15000,17000,17000,17000,17000,17000,17000,17000,23,0,11000.0,10813.4785,4212.772800000002,16713.713799999998,35483.0
1661356327,50,GET,users-docker,18.100000,0.000000,670,750,810,870,1100,1800,3700,4000,4300,4300,4300,679,0,340.0,472.0333918998527,27.584099999998557,4574.3349,2.0
1661356327,50,GET,users-pythonanywhere,0.500000,0.000000,13000,13000,13000,13000,13000,13000,13000,13000,13000,13000,13000,14,0,9700.0,9518.590657142859,5330.935,12991.226600000002,28519.0
1661356327,50,,Aggregated,35.400000,0.000000,670,770,840,900,1500,3700,13000,14000,17000,17000,17000,1368,0,350.0,718.5085835526319,27.206500000000133,16713.713799999998,890.3779239766081
1661356332,50,GET,orders-docker,16.500000,0.000000,630,730,800,830,930,1100,1600,1700,1800,1800,1800,735,0,380.0,452.54493972789123,27.206500000000133,4024.695300000001,2.0
1661356332,50,GET,orders-pythonanywhere,1.000000,0.000000,17000,18000,18000,18000,18000,18000,18000,18000,18000,18000,18000,27,0,11000.0,11780.230633333334,4212.772800000002,18189.2356,35483.0
1661356332,50,GET,users-docker,19.000000,0.000000,600,720,770,830,1000,1200,2100,3700,4000,4000,4000,786,0,390.0,497.90541895674323,27.584099999998557,4574.3349,2.0
1661356332,50,GET,users-pythonanywhere,0.300000,0.000000,17000,17000,17000,18000,18000,18000,18000,18000,18000,18000,18000,18,0,10000.0,11074.827855555557,5330.935,18129.071999999996,28519.0
1661356332,50,,Aggregated,36.800000,0.000000,630,740,820,850,1100,2000,17000,18000,18000,18000,18000,1566,0,400.0,792.7122084929755,27.206500000000133,18189.2356,941.5229885057471
1661356337,50,GET,orders-docker,16.500000,0.000000,660,750,820,890,1100,1100,1600,1700,1800,1800,1800,820,0,410.0,480.1973767073176,27.206500000000133,4024.695300000001,2.0
1661356337,50,GET,orders-pythonanywhere,0.800000,0.000000,18000,18000,18000,18000,18000,18000,18000,18000,18000,18000,18000,31,0,12000.0,12420.080506451613,4212.772800000002,18217.081200000004,35483.0
1661356337,50,GET,users-docker,19.500000,0.000000,640,760,840,880,1000,1100,1500,2000,2200,2200,2200,874,0,430.0,520.0720097254007,27.584099999998557,4574.3349,2.0
1661356337,50,GET,users-pythonanywhere,0.600000,0.000000,18000,18000,18000,18000,19000,19000,19000,19000,19000,19000,19000,23,0,13000.0,12514.864226086958,5330.935,18593.004300000004,28519.0
1661356337,50,,Aggregated,37.400000,0.000000,660,780,860,930,1100,2000,18000,18000,19000,19000,19000,1748,0,440.0,870.2340722540038,27.206500000000133,18593.004300000004,1006.4633867276888
1661356342,50,GET,orders-docker,17.500000,0.000000,680,800,930,1000,1200,1700,1900,2000,2100,2100,2100,900,0,450.0,509.32228277777796,27.206500000000133,4024.695300000001,2.0
1661356342,50,GET,orders-pythonanywhere,0.700000,0.000000,18000,18000,18000,18000,19000,19000,19000,19000,19000,19000,19000,33,0,12000.0,12725.323636363639,4212.772800000002,19002.735699999994,35483.0
1661356342,50,GET,users-docker,17.500000,0.000000,690,820,880,980,1200,1700,2000,2200,2600,2600,2600,944,0,450.0,542.5469920550848,27.584099999998557,4574.3349,2.0
1661356342,50,GET,users-pythonanywhere,0.900000,0.000000,18000,18000,18000,18000,19000,19000,19000,19000,19000,19000,19000,29,0,13000.0,13273.43515172414,5330.935,18593.004300000004,28519.0
1661356342,50,,Aggregated,36.600000,0.000000,700,850,1000,1100,1700,13000,18000,18000,19000,19000,19000,1906,0,470.0,931.4898816369355,27.206500000000133,19002.735699999994,1050.1983210912906
1661356347,50,GET,orders-docker,15.700000,0.000000,850,990,1100,1200,1400,1600,1900,2000,2100,2100,2100,963,0,490.0,538.010729075805,27.206500000000133,4024.695300000001,2.0
1661356347,50,GET,orders-pythonanywhere,0.600000,0.000000,16000,19000,19000,19000,19000,19000,19000,19000,19000,19000,19000,36,0,12000.0,13088.272788888891,4212.772800000002,19358.4752,35483.0
1661356347,50,GET,users-docker,15.700000,0.000000,790,890,1100,1100,1300,1700,2000,2200,2600,2600,2600,1021,0,490.0,566.3977073457391,27.584099999998557,4574.3349,2.0
1661356347,50,GET,users-pythonanywhere,1.100000,0.000000,16000,16000,16000,16000,18000,19000,19000,19000,19000,19000,19000,34,0,13000.0,13416.173132352944,5330.935,18593.004300000004,28519.0
1661356347,50,,Aggregated,33.100000,0.000000,830,1000,1100,1200,1700,13000,16000,18000,19000,19000,19000,2054,0,500.0,985.260028334956,27.206500000000133,19358.4752,1095.9113924050632
1661356352,50,GET,orders-docker,12.700000,0.000000,960,1100,1200,1200,1300,1400,1400,1400,1500,1500,1500,1028,0,510.0,565.8291395914401,27.206500000000133,4024.695300000001,2.0
1661356352,50,GET,orders-pythonanywhere,0.500000,0.000000,15000,16000,16000,16000,19000,19000,19000,19000,19000,19000,19000,41,0,14000.0,13354.892631707318,4212.772800000002,19358.4752,35483.0
1661356352,50,GET,users-docker,13.500000,0.000000,880,1000,1100,1200,1300,1400,1500,1900,2200,2200,2200,1084,0,520.0,590.007537730627,27.584099999998557,4574.3349,2.0
1661356352,50,GET,users-pythonanywhere,1.200000,0.000000,15000,15000,16000,16000,16000,16000,16000,16000,16000,16000,16000,36,0,14000.0,13516.80136666667,5330.935,18593.004300000004,28519.0
1661356352,50,,Aggregated,27.900000,0.000000,940,1100,1200,1200,1400,13000,15000,16000,19000,19000,19000,2189,0,530.0,1030.3316461854724,27.206500000000133,19358.4752,1135.5463682046598
1661356357,50,GET,orders-docker,13.000000,0.000000,920,1000,1100,1200,1300,1600,1800,1900,2000,2000,2000,1102,0,540.0,588.6959128856627,27.206500000000133,4024.695300000001,2.0
1661356357,50,GET,orders-pythonanywhere,1.000000,0.000000,16000,16000,16000,17000,17000,17000,17000,17000,17000,17000,17000,46,0,15000.0,13677.656819565216,4212.772800000002,19358.4752,35483.0
1661356357,50,GET,users-docker,13.900000,0.000000,840,990,1000,1100,1200,1300,2000,2100,2200,2200,2200,1164,0,540.0,607.1347957044671,27.584099999998557,4574.3349,2.0
1661356357,50,GET,users-pythonanywhere,0.500000,0.000000,16000,16000,16000,16000,16000,16000,16000,16000,16000,16000,16000,38,0,14000.0,13636.75095263158,5330.935,18593.004300000004,28519.0
1661356357,50,,Aggregated,28.400000,0.000000,900,1000,1100,1200,1400,2200,16000,16000,17000,17000,17000,2350,0,550.0,1065.0283183404251,27.206500000000133,19358.4752,1157.647659574468
1661356362,50,GET,orders-docker,15.200000,0.000000,590,770,880,950,1200,1600,1800,1900,2000,2000,2000,1214,0,530.0,587.654771334432,27.206500000000133,4024.695300000001,2.0
1661356362,50,GET,orders-pythonanywhere,1.000000,0.000000,16000,17000,17000,17000,19000,19000,19000,19000,19000,19000,19000,49,0,15000.0,13845.43767142857,4212.772800000002,19358.4752,35483.0
1661356362,50,GET,users-docker,17.100000,0.000000,560,680,770,820,1000,1300,1700,2000,2100,2100,2100,1282,0,530.0,600.0296669266766,27.584099999998557,4574.3349,2.0
1661356362,50,GET,users-pythonanywhere,0.400000,0.000000,17000,17000,17000,17000,18000,18000,18000,18000,18000,18000,18000,42,0,15000.0,13973.152802380955,5330.935,18593.004300000004,28519.0
1661356362,50,,Aggregated,33.700000,0.000000,590,740,860,970,1300,1800,16000,17000,19000,19000,19000,2587,0,540.0,1062.2148391959793,27.206500000000133,19358.4752,1137.0146888287593
1661356367,50,GET,orders-docker,20.000000,0.000000,480,570,650,680,810,1000,1300,1500,1800,1800,1800,1318,0,530.0,582.3816638088017,27.206500000000133,4024.695300000001,2.0
1661356367,50,GET,orders-pythonanywhere,0.600000,0.000000,17000,17000,19000,19000,19000,19000,19000,19000,19000,19000,19000,52,0,15000.0,14079.405382692308,4212.772800000002,19358.4752,35483.0
1661356367,50,GET,users-docker,21.900000,0.000000,480,560,610,650,780,930,1200,1600,1800,1800,1800,1412,0,520.0,593.7192463172801,27.584099999998557,4574.3349,2.0
1661356367,50,GET,users-pythonanywhere,0.900000,0.000000,17000,17000,17000,17000,18000,18000,18000,18000,18000,18000,18000,47,0,16000.0,14312.865921276596,5330.935,18593.004300000004,28519.0
1661356367,50,,Aggregated,43.400000,0.000000,490,580,650,690,870,1300,17000,17000,19000,19000,19000,2829,0,540.0,1064.243332237539,27.206500000000133,19358.4752,1127.9494521032166
1661356372,50,GET,orders-docker,22.800000,0.000000,480,570,630,640,710,780,970,1000,1300,1300,1300,1429,0,520.0,576.9276426871946,27.206500000000133,4024.695300000001,2.0
1661356372,50,GET,orders-pythonanywhere,0.700000,0.000000,17000,17000,19000,19000,19000,19000,19000,19000,19000,19000,19000,56,0,15000.0,14219.47305357143,4212.772800000002,19358.4752,35483.0
1661356372,50,GET,users-docker,25.300000,0.000000,500,600,650,680,800,900,1000,1100,1200,1200,1200,1540,0,520.0,590.0219096753242,27.584099999998557,4574.3349,2.0
1661356372,50,GET,users-pythonanywhere,0.800000,0.000000,17000,17000,17000,17000,17000,17000,17000,17000,17000,17000,17000,50,0,16000.0,14336.652248000002,5330.935,18593.004300000004,28519.0
1661356372,50,,Aggregated,49.600000,0.000000,500,600,650,680,810,1000,17000,17000,19000,19000,19000,3075,0,530.0,1055.670388845528,27.206500000000133,19358.4752,1111.8491056910568
1661356377,50,GET,orders-docker,23.600000,0.000000,480,550,600,640,710,850,950,960,1100,1100,1100,1562,0,510.0,570.1609028169023,27.206500000000133,4024.695300000001,2.0
1661356377,50,GET,orders-pythonanywhere,0.800000,0.000000,17000,19000,21000,21000,21000,21000,21000,21000,21000,21000,21000,60,0,15000.0,14439.455388333334,4212.772800000002,20915.1679,35483.0
1661356377,50,GET,users-docker,24.600000,0.000000,510,590,630,660,770,880,940,970,1200,1200,1200,1647,0,520.0,585.3163398299939,27.584099999998557,4574.3349,2.0
1661356377,50,GET,users-pythonanywhere,0.700000,0.000000,17000,18000,19000,19000,22000,22000,22000,22000,22000,22000,22000,54,0,16000.0,14649.684929629633,5330.935,21544.20330000001,28519.0
1661356377,50,,Aggregated,49.700000,0.000000,500,570,630,660,830,950,15000,19000,22000,22000,22000,3323,0,530.0,1056.8936657839297,27.206500000000133,21544.20330000001,1106.0559735179056
1661356382,50,GET,orders-docker,22.500000,0.000000,550,640,710,800,940,1000,1100,1300,1400,1400,1400,1638,0,520.0,576.1627440170948,27.206500000000133,4024.695300000001,2.0
1661356382,50,GET,orders-pythonanywhere,0.700000,0.000000,17000,18000,21000,21000,21000,21000,21000,21000,21000,21000,21000,64,0,15000.0,14586.183387500001,4212.772800000002,20915.1679,35483.0
1661356382,50,GET,users-docker,21.800000,0.000000,590,720,810,860,970,1200,1300,1400,1400,1400,1400,1747,0,530.0,594.1621532341153,27.584099999998557,4574.3349,2.0
1661356382,50,GET,users-pythonanywhere,0.800000,0.000000,18000,18000,19000,19000,22000,22000,22000,22000,22000,22000,22000,57,0,16000.0,14759.726726315792,5330.935,21544.20330000001,28519.0
1661356382,50,,Aggregated,45.800000,0.000000,570,690,800,860,1000,1300,17000,19000,22000,22000,22000,3506,0,530.0,1071.4706265259547,27.206500000000133,21544.20330000001,1113.3100399315458
1661356387,50,GET,orders-docker,17.300000,0.000000,770,920,1000,1000,1200,1300,1400,1500,2600,2600,2600,1715,0,530.0,586.9142657142864,27.206500000000133,4024.695300000001,2.0
1661356387,50,GET,orders-pythonanywhere,0.700000,0.000000,17000,17000,18000,18000,18000,18000,18000,18000,18000,18000,18000,68,0,16000.0,14714.56580882353,4212.772800000002,20915.1679,35483.0
1661356387,50,GET,users-docker,20.800000,0.000000,720,830,900,930,1100,1300,1500,1600,1700,1700,1700,1832,0,530.0,599.5095055131001,27.584099999998557,4574.3349,2.0
1661356387,50,GET,users-pythonanywhere,0.600000,0.000000,17000,17000,17000,17000,18000,18000,18000,18000,18000,18000,18000,60,0,16000.0,14881.675015000003,5330.935,21544.20330000001,28519.0
1661356387,50,,Aggregated,39.400000,0.000000,750,890,980,1000,1300,1600,17000,17000,18000,18000,18000,3675,0,540.0,1087.9864913469378,27.206500000000133,21544.20330000001,1124.1028571428571
1661356392,50,GET,orders-docker,16.800000,0.000000,600,720,820,940,1100,1300,1400,1500,2600,2600,2600,1828,0,530.0,585.1956984135669,27.206500000000133,4024.695300000001,2.0
1661356392,50,GET,orders-pythonanywhere,0.700000,0.000000,18000,18000,18000,18000,19000,19000,19000,19000,19000,19000,19000,70,0,16000.0,14826.477965714286,4212.772800000002,20915.1679,35483.0
1661356392,50,GET,users-docker,19.500000,0.000000,550,640,720,760,910,1000,1500,1600,1700,1700,1700,1952,0,530.0,594.8295644467212,27.584099999998557,4574.3349,2.0
1661356392,50,GET,users-pythonanywhere,0.700000,0.000000,17000,17000,17000,17000,19000,19000,19000,19000,19000,19000,19000,66,0,16000.0,15044.230263636364,5330.935,21544.20330000001,28519.0
1661356392,50,,Aggregated,37.700000,0.000000,590,710,800,900,1100,1500,17000,18000,19000,19000,19000,3916,0,540.0,1088.2578400153202,27.206500000000133,21544.20330000001,1116.8600612870275
1661356397,50,GET,orders-docker,21.600000,0.000000,520,590,630,660,820,950,1100,1100,1200,1200,1200,1942,0,530.0,583.2276212152422,27.206500000000133,4024.695300000001,2.0
1661356397,50,GET,orders-pythonanywhere,0.500000,0.000000,18000,18000,19000,19000,19000,19000,19000,19000,19000,19000,19000,71,0,16000.0,14827.562785915492,4212.772800000002,20915.1679,35483.0
1661356397,50,GET,users-docker,20.500000,0.000000,520,580,640,660,760,910,930,1000,1200,1200,1200,2062,0,530.0,593.2811163918527,27.584099999998557,4574.3349,2.0
1661356397,50,GET,users-pythonanywhere,1.100000,0.000000,17000,19000,19000,19000,19000,22000,22000,22000,22000,22000,22000,73,0,16000.0,15246.754956164381,5330.935,21940.1323,28519.0
1661356397,50,,Aggregated,43.700000,0.000000,530,600,640,700,870,1100,16000,19000,22000,22000,22000,4148,0,540.0,1090.1021629701047,27.206500000000133,21940.1323,1111.1832208293154
1661356402,50,GET,orders-docker,20.400000,0.000000,540,630,720,800,940,1100,1400,1500,2400,2400,2400,2033,0,530.0,584.462596556813,27.206500000000133,4024.695300000001,2.0
1661356402,50,GET,orders-pythonanywhere,0.400000,0.000000,16000,16000,17000,17000,17000,17000,17000,17000,17000,17000,17000,74,0,16000.0,14879.913206756757,4212.772800000002,20915.1679,35483.0
1661356402,50,GET,users-docker,21.100000,0.000000,580,720,810,870,1000,1200,1500,1600,1700,1700,1700,2144,0,530.0,598.3460259794774,27.584099999998557,4574.3349,2.0
1661356402,50,GET,users-pythonanywhere,1.200000,0.000000,16000,17000,19000,19000,19000,22000,22000,22000,22000,22000,22000,79,0,16000.0,15253.185377215188,5330.935,21940.1323,28519.0
1661356402,50,,Aggregated,43.100000,0.000000,580,700,820,880,1100,1600,16000,19000,22000,22000,22000,4330,0,540.0,1103.2751872055385,27.206500000000133,21940.1323,1128.6598152424942
1661356407,50,GET,orders-docker,21.200000,0.000000,480,590,700,740,940,1300,1600,2500,3700,3700,3700,2163,0,520.0,585.415283911235,27.206500000000133,4024.695300000001,2.0
1661356407,50,GET,orders-pythonanywhere,0.500000,0.000000,15000,15000,16000,16000,17000,17000,17000,17000,17000,17000,17000,78,0,16000.0,14860.61654871795,4212.772800000002,20915.1679,35483.0
1661356407,50,GET,users-docker,18.800000,0.000000,500,620,790,840,1000,1300,1700,3500,3500,3500,3500,2251,0,530.0,595.1703159040426,27.584099999998557,4574.3349,2.0
1661356407,50,GET,users-pythonanywhere,1.200000,0.000000,16000,16000,17000,17000,18000,18000,18000,18000,18000,18000,18000,83,0,16000.0,15273.979854216866,5330.935,21940.1323,28519.0
1661356407,50,,Aggregated,41.700000,0.000000,500,640,780,840,1200,2500,15000,16000,18000,18000,18000,4575,0,530.0,1100.0765156065524,27.206500000000133,21940.1323,1124.2795628415302
1661356412,50,GET,orders-docker,24.400000,0.000000,480,560,610,670,780,1000,1500,1600,3700,3700,3700,2280,0,520.0,582.3242420175441,27.206500000000133,4024.695300000001,2.0
1661356412,50,GET,orders-pythonanywhere,0.700000,0.000000,15000,15000,15000,15000,16000,16000,16000,16000,16000,16000,16000,81,0,15000.0,14853.335790123458,4212.772800000002,20915.1679,35483.0
1661356412,50,GET,users-docker,21.100000,0.000000,470,530,580,620,780,880,1000,1900,3500,3500,3500,2383,0,520.0,590.5086666386906,27.584099999998557,4574.3349,2.0
1661356412,50,GET,users-pythonanywhere,1.000000,0.000000,16000,17000,17000,18000,18000,18000,18000,18000,18000,18000,18000,88,0,16000.0,15297.713546590909,5330.935,21940.1323,28519.0
1661356412,50,,Aggregated,47.200000,0.000000,480,550,610,670,820,1500,15000,16000,18000,18000,18000,4832,0,530.0,1093.5845230753257,27.206500000000133,21940.1323,1116.1260347682119
1661356417,50,GET,orders-docker,24.100000,0.000000,470,550,600,640,750,860,1000,1400,1500,1500,1500,2405,0,510.0,578.0396889812895,27.206500000000133,4024.695300000001,2.0
1661356417,50,GET,orders-pythonanywhere,0.800000,0.000000,15000,15000,15000,15000,17000,17000,17000,17000,17000,17000,17000,87,0,15000.0,14872.496244827586,4212.772800000002,20915.1679,35483.0
1661356417,50,GET,users-docker,25.300000,0.000000,460,530,580,610,740,850,990,1000,1600,1600,1600,2512,0,520.0,584.5343564490446,27.584099999998557,4574.3349,2.0
1661356417,50,GET,users-pythonanywhere,0.800000,0.000000,15000,16000,17000,17000,18000,18000,18000,18000,18000,18000,18000,90,0,16000.0,15289.47539,5330.935,21940.1323,28519.0
1661356417,50,,Aggregated,51.000000,0.000000,470,550,610,660,790,990,15000,15000,18000,18000,18000,5094,0,530.0,1085.2955857479346,27.206500000000133,21940.1323,1111.8109540636042
1661356422,50,GET,orders-docker,24.700000,0.000000,470,550,580,620,740,860,930,1200,1400,1400,1400,2523,0,510.0,574.0780891002781,27.206500000000133,4024.695300000001,2.0
1661356422,50,GET,orders-pythonanywhere,0.800000,0.000000,15000,16000,17000,17000,17000,17000,17000,17000,17000,17000,17000,89,0,15000.0,14907.99724719101,4212.772800000002,20915.1679,35483.0
1661356422,50,GET,users-docker,25.900000,0.000000,450,520,580,610,740,830,990,1300,1600,1600,1600,2646,0,510.0,580.4403452380949,27.584099999998557,4574.3349,2.0
1661356422,50,GET,users-pythonanywhere,0.800000,0.000000,15000,16000,16000,16000,17000,17000,17000,17000,17000,17000,17000,96,0,16000.0,15298.479159375,5330.935,21940.1323,28519.0
1661356422,50,,Aggregated,52.200000,0.000000,460,550,590,640,770,950,15000,16000,17000,17000,17000,5354,0,520.0,1079.512500298839,27.206500000000133,21940.1323,1103.1283152782967
1661356427,50,GET,orders-docker,24.300000,0.000000,460,520,570,630,740,830,1100,1200,1400,1400,1400,2662,0,510.0,569.6971691960939,27.206500000000133,4024.695300000001,2.0
1661356427,50,GET,orders-pythonanywhere,0.700000,0.000000,16000,17000,17000,18000,18000,18000,18000,18000,18000,18000,18000,92,0,15000.0,14943.634485869565,4212.772800000002,20915.1679,35483.0
1661356427,50,GET,users-docker,25.400000,0.000000,450,530,570,600,710,770,950,1100,1600,1600,1600,2769,0,510.0,575.5832049115198,27.584099999998557,4574.3349,2.0
1661356427,50,GET,users-pythonanywhere,0.800000,0.000000,16000,16000,16000,17000,19000,19000,19000,19000,19000,19000,19000,100,0,16000.0,15300.995379000004,5330.935,21940.1323,28519.0
1661356427,50,,Aggregated,51.200000,0.000000,460,540,600,640,760,1000,15000,16000,19000,19000,19000,5623,0,520.0,1069.75594333985,27.206500000000133,21940.1323,1089.6670816290236
1661356432,50,GET,orders-docker,25.700000,0.000000,440,510,560,600,740,820,940,1000,1100,1100,1100,2782,0,500.0,565.2354040977722,27.206500000000133,4024.695300000001,2.0
1661356432,50,GET,orders-pythonanywhere,0.400000,0.000000,17000,17000,18000,18000,18000,18000,18000,18000,18000,18000,18000,93,0,15000.0,14961.101584946236,4212.772800000002,20915.1679,35483.0
1661356432,50,GET,users-docker,26.300000,0.000000,450,510,550,570,660,740,830,890,1100,1100,1100,2909,0,500.0,570.088839016844,27.584099999998557,4574.3349,2.0
1661356432,50,GET,users-pythonanywhere,1.000000,0.000000,17000,19000,19000,19000,19000,19000,19000,19000,19000,19000,19000,106,0,16000.0,15435.516585849058,5330.935,21940.1323,28519.0
1661356432,50,,Aggregated,53.400000,0.000000,450,520,560,600,740,860,15000,18000,19000,19000,19000,5890,0,510.0,1062.5501752801313,27.206500000000133,21940.1323,1075.4354838709678
1661356437,50,GET,orders-docker,24.900000,0.000000,480,550,600,630,740,840,1200,1400,1500,1500,1500,2901,0,500.0,564.9959955877292,27.206500000000133,4024.695300000001,2.0
1661356437,50,GET,orders-pythonanywhere,0.400000,0.000000,16000,16000,17000,17000,17000,17000,17000,17000,17000,17000,17000,95,0,15000.0,14971.059065263156,4212.772800000002,20915.1679,35483.0
1661356437,50,GET,users-docker,26.500000,0.000000,470,540,590,630,720,880,1100,1100,1500,1500,1500,3021,0,510.0,569.4839186693143,27.584099999998557,4574.3349,2.0
1661356437,50,GET,users-pythonanywhere,1.200000,0.000000,17000,18000,19000,19000,19000,19000,19000,19000,19000,19000,19000,112,0,16000.0,15499.616683035714,5330.935,21940.1323,28519.0
1661356437,50,,Aggregated,53.000000,0.000000,480,560,610,640,790,1100,16000,17000,19000,19000,19000,6129,0,510.0,1063.4152359601846,27.206500000000133,21940.1323,1073.0717898515256
1661356442,50,GET,orders-docker,23.700000,0.000000,470,540,610,640,790,880,1000,1200,1500,1500,1500,3012,0,500.0,561.6683594289518,27.206500000000133,4024.695300000001,2.0
1661356442,50,GET,orders-pythonanywhere,0.500000,0.000000,16000,16000,17000,17000,19000,19000,19000,19000,19000,19000,19000,99,0,15000.0,14987.241208080804,4212.772800000002,20915.1679,35483.0
1661356442,50,GET,users-docker,25.900000,0.000000,500,580,630,660,750,850,970,1000,1100,1100,1100,3164,0,500.0,566.6874371681412,27.584099999998557,4574.3349,2.0
1661356442,50,GET,users-pythonanywhere,1.000000,0.000000,16000,17000,17000,17000,18000,18000,18000,18000,18000,18000,18000,114,0,16000.0,15488.045854385964,5330.935,21940.1323,28519.0
1661356442,50,,Aggregated,51.100000,0.000000,490,570,630,670,810,990,16000,17000,19000,19000,19000,6389,0,510.0,1054.0175703239888,27.206500000000133,21940.1323,1060.625293473157
1661356447,50,GET,orders-docker,23.500000,0.000000,460,520,570,620,780,880,1000,1000,1100,1100,1100,3134,0,500.0,559.9883179961715,27.206500000000133,4024.695300000001,2.0
1661356447,50,GET,orders-pythonanywhere,0.600000,0.000000,19000,20000,22000,22000,23000,23000,23000,23000,23000,23000,23000,103,0,16000.0,15194.6331592233,4212.772800000002,22568.982700000022,35483.0
1661356447,50,GET,users-docker,25.500000,0.000000,480,560,610,660,760,860,900,960,1100,1100,1100,3288,0,500.0,564.0924506995132,27.584099999998557,4574.3349,2.0
1661356447,50,GET,users-pythonanywhere,0.600000,0.000000,16000,17000,17000,21000,21000,21000,21000,21000,21000,21000,21000,117,0,16000.0,15551.988797435897,5330.935,21940.1323,28519.0
1661356447,50,,Aggregated,50.200000,0.000000,480,550,610,670,820,910,15000,19000,23000,23000,23000,6642,0,510.0,1053.0516819030354,27.206500000000133,22568.982700000022,1054.5492321589882
1661356452,50,GET,orders-docker,23.700000,0.000000,430,500,540,560,730,1000,1400,2300,2900,2900,2900,3268,0,490.0,556.0120032435742,27.206500000000133,4024.695300000001,2.0
1661356452,50,GET,orders-pythonanywhere,0.900000,0.000000,18000,18000,20000,22000,23000,23000,23000,23000,23000,23000,23000,108,0,16000.0,15315.46164444444,4212.772800000002,22568.982700000022,35483.0
1661356452,50,GET,users-docker,25.200000,0.000000,420,480,520,570,680,890,1500,2200,2900,2900,2900,3426,0,500.0,559.0001112667835,27.584099999998557,4574.3349,2.0
1661356452,50,GET,users-pythonanywhere,0.500000,0.000000,18000,18000,19000,19000,21000,21000,21000,21000,21000,21000,21000,120,0,16000.0,15616.811889166665,5330.935,21940.1323,28519.0
1661356452,50,,Aggregated,50.300000,0.000000,430,500,540,590,830,1300,17000,18000,23000,23000,23000,6922,0,500.0,1048.8686639843925,27.206500000000133,22568.982700000022,1049.9612828662237
1661356457,50,GET,orders-docker,28.000000,0.000000,250,340,440,490,1200,1300,1700,2900,3500,3500,3500,3417,0,480.0,548.9721174422009,27.206500000000133,4024.695300000001,2.0
1661356457,50,GET,orders-pythonanywhere,0.900000,0.000000,18000,18000,19000,19000,19000,19000,19000,19000,19000,19000,19000,113,0,16000.0,15434.488269026544,4212.772800000002,22568.982700000022,35483.0
1661356457,50,GET,users-docker,26.000000,0.000000,250,380,450,500,1200,1300,1600,2200,3500,3500,3500,3560,0,490.0,554.5788370505622,27.584099999998557,4574.3349,2.0
1661356457,50,GET,users-pythonanywhere,0.700000,0.000000,18000,18000,19000,19000,19000,19000,19000,19000,19000,19000,19000,123,0,16000.0,15672.361165853657,5330.935,21940.1323,28519.0
1661356457,50,,Aggregated,55.600000,0.000000,250,380,470,510,1300,1600,18000,18000,19000,19000,19000,7213,0,500.0,1042.8304426729458,27.206500000000133,22568.982700000022,1044.1383612921115
1661356462,50,GET,orders-docker,29.600000,0.000000,230,270,390,470,1200,1500,3500,3500,7700,7700,7700,3550,0,480.0,549.4663199718311,27.206500000000133,7664.750400000003,2.0
1661356462,50,GET,orders-pythonanywhere,0.900000,0.000000,18000,18000,19000,19000,19000,19000,19000,19000,19000,19000,19000,117,0,16000.0,15455.903098290593,4212.772800000002,22568.982700000022,35483.0
1661356462,50,GET,users-docker,27.900000,0.000000,240,310,410,490,1300,1400,1900,3500,3700,3700,3700,3693,0,480.0,551.1436315190906,27.584099999998557,4574.3349,2.0
1661356462,50,GET,users-pythonanywhere,0.600000,0.000000,16000,16000,18000,18000,19000,19000,19000,19000,19000,19000,19000,126,0,16000.0,15674.7748515873,5330.935,21940.1323,28519.0
1661356462,50,,Aggregated,59.000000,0.000000,240,300,430,490,1300,2600,16000,18000,19000,19000,19000,7486,0,490.0,1037.8494738044296,27.206500000000133,22568.982700000022,1036.520304568528
1661356467,50,GET,orders-docker,25.400000,0.000000,440,530,620,670,910,1300,3500,3500,7700,7700,7700,3659,0,480.0,550.4995200601253,27.206500000000133,7664.750400000003,2.0
1661356467,50,GET,orders-pythonanywhere,1.000000,0.000000,17000,17000,18000,18000,18000,18000,18000,18000,18000,18000,18000,121,0,16000.0,15476.701833057847,4212.772800000002,22568.982700000022,35483.0
1661356467,50,GET,users-docker,25.600000,0.000000,440,520,580,680,950,1300,1900,3500,3700,3700,3700,3780,0,490.0,553.002266693122,27.584099999998557,4574.3349,2.0
1661356467,50,GET,users-pythonanywhere,0.500000,0.000000,16000,16000,17000,17000,21000,21000,21000,21000,21000,21000,21000,130,0,16000.0,15733.040686923076,5330.935,21940.1323,28519.0
1661356467,50,,Aggregated,52.500000,0.000000,460,540,640,720,1200,3500,16000,17000,21000,21000,21000,7690,0,490.0,1043.2513033940136,27.206500000000133,22568.982700000022,1042.3655396618985
1661356472,50,GET,orders-docker,21.200000,0.000000,550,630,710,740,860,980,1200,1300,1400,1400,1400,3759,0,480.0,551.777945011971,27.206500000000133,7664.750400000003,2.0
1661356472,50,GET,orders-pythonanywhere,0.900000,0.000000,15000,16000,17000,17000,17000,17000,17000,17000,17000,17000,17000,124,0,16000.0,15476.053880645157,4212.772800000002,22568.982700000022,35483.0
1661356472,50,GET,users-docker,21.100000,0.000000,570,670,740,790,910,1000,1100,1100,1300,1300,1300,3905,0,490.0,553.9643502176697,27.584099999998557,4574.3349,2.0
1661356472,50,GET,users-pythonanywhere,0.700000,0.000000,16000,16000,17000,18000,21000,21000,21000,21000,21000,21000,21000,135,0,16000.0,15745.67628814815,5330.935,21940.1323,28519.0
1661356472,50,,Aggregated,43.900000,0.000000,570,670,760,810,960,1200,16000,17000,21000,21000,21000,7923,0,490.0,1045.3188265808365,27.206500000000133,22568.982700000022,1043.2014388489208
1661356477,50,GET,orders-docker,21.100000,0.000000,530,600,640,680,780,900,1100,1200,1400,1400,1400,3872,0,480.0,551.8398603564045,27.206500000000133,7664.750400000003,2.0
1661356477,50,GET,orders-pythonanywhere,0.700000,0.000000,16000,16000,17000,17000,18000,18000,18000,18000,18000,18000,18000,128,0,16000.0,15476.527703124997,4212.772800000002,22568.982700000022,35483.0
1661356477,50,GET,users-docker,21.800000,0.000000,520,600,670,710,810,900,1000,1100,1400,1400,1400,4017,0,490.0,553.871912023898,27.584099999998557,4574.3349,2.0
1661356477,50,GET,users-pythonanywhere,0.900000,0.000000,16000,16000,16000,18000,19000,19000,19000,19000,19000,19000,19000,139,0,16000.0,15724.457238848921,5330.935,21940.1323,28519.0
1661356477,50,,Aggregated,44.500000,0.000000,530,610,680,720,850,1100,15000,16000,19000,19000,19000,8156,0,500.0,1045.650136353602,27.206500000000133,22568.982700000022,1044.8434281510545
1661356482,50,GET,orders-docker,21.000000,0.000000,500,590,640,680,820,910,1100,1200,1500,1500,1500,3985,0,480.0,551.4298117189456,27.206500000000133,7664.750400000003,2.0
1661356482,50,GET,orders-pythonanywhere,0.600000,0.000000,16000,16000,16000,16000,17000,17000,17000,17000,17000,17000,17000,131,0,16000.0,15478.769148854959,4212.772800000002,22568.982700000022,35483.0
1661356482,50,GET,users-docker,24.400000,0.000000,500,570,610,650,830,1000,1300,1500,1700,1700,1700,4139,0,490.0,553.286050688572,27.584099999998557,4574.3349,2.0
1661356482,50,GET,users-pythonanywhere,1.000000,0.000000,15000,15000,18000,19000,20000,20000,20000,20000,20000,20000,20000,144,0,16000.0,15765.54680972222,5330.935,21940.1323,28519.0
1661356482,50,,Aggregated,47.000000,0.000000,500,590,650,710,900,1200,15000,16000,20000,20000,20000,8399,0,500.0,1046.0121755685166,27.206500000000133,22568.982700000022,1044.3215859030836
1661356487,50,GET,orders-docker,23.000000,0.000000,470,530,590,640,770,900,1100,1100,1500,1500,1500,4128,0,480.0,547.8727781007739,27.206500000000133,7664.750400000003,2.0
1661356487,50,GET,orders-pythonanywhere,0.600000,0.000000,16000,16000,16000,16000,16000,16000,16000,16000,16000,16000,16000,134,0,16000.0,15474.88935447761,4212.772800000002,22568.982700000022,35483.0
1661356487,50,GET,users-docker,23.900000,0.000000,450,520,570,600,760,960,1200,1500,1700,1700,1700,4263,0,490.0,550.0254467041989,27.584099999998557,4574.3349,2.0
1661356487,50,GET,users-pythonanywhere,1.000000,0.000000,15000,15000,15000,16000,18000,18000,18000,18000,18000,18000,18000,150,0,16000.0,15741.564001333332,5330.935,21940.1323,28519.0
1661356487,50,,Aggregated,48.500000,0.000000,470,540,600,640,850,1100,15000,16000,18000,18000,18000,8675,0,490.0,1042.218683688757,27.206500000000133,22568.982700000022,1043.1531988472623
