[{"model": "admin.logentry", "pk": 1, "fields": {"action_time": "2021-10-26T23:47:23.319Z", "user": 16, "content_type": 8, "object_id": "1", "object_repr": "Client object (1)", "action_flag": 1, "change_message": "[{\"added\": {}}]"}}, {"model": "auth.permission", "pk": 1, "fields": {"name": "Can add log entry", "content_type": 1, "codename": "add_logentry"}}, {"model": "auth.permission", "pk": 2, "fields": {"name": "Can change log entry", "content_type": 1, "codename": "change_logentry"}}, {"model": "auth.permission", "pk": 3, "fields": {"name": "Can delete log entry", "content_type": 1, "codename": "delete_logentry"}}, {"model": "auth.permission", "pk": 4, "fields": {"name": "Can view log entry", "content_type": 1, "codename": "view_logentry"}}, {"model": "auth.permission", "pk": 5, "fields": {"name": "Can add permission", "content_type": 2, "codename": "add_permission"}}, {"model": "auth.permission", "pk": 6, "fields": {"name": "Can change permission", "content_type": 2, "codename": "change_permission"}}, {"model": "auth.permission", "pk": 7, "fields": {"name": "Can delete permission", "content_type": 2, "codename": "delete_permission"}}, {"model": "auth.permission", "pk": 8, "fields": {"name": "Can view permission", "content_type": 2, "codename": "view_permission"}}, {"model": "auth.permission", "pk": 9, "fields": {"name": "Can add group", "content_type": 3, "codename": "add_group"}}, {"model": "auth.permission", "pk": 10, "fields": {"name": "Can change group", "content_type": 3, "codename": "change_group"}}, {"model": "auth.permission", "pk": 11, "fields": {"name": "Can delete group", "content_type": 3, "codename": "delete_group"}}, {"model": "auth.permission", "pk": 12, "fields": {"name": "Can view group", "content_type": 3, "codename": "view_group"}}, {"model": "auth.permission", "pk": 13, "fields": {"name": "Can add content type", "content_type": 4, "codename": "add_contenttype"}}, {"model": "auth.permission", "pk": 14, "fields": {"name": "Can change content type", "content_type": 4, "codename": "change_contenttype"}}, {"model": "auth.permission", "pk": 15, "fields": {"name": "Can delete content type", "content_type": 4, "codename": "delete_contenttype"}}, {"model": "auth.permission", "pk": 16, "fields": {"name": "Can view content type", "content_type": 4, "codename": "view_contenttype"}}, {"model": "auth.permission", "pk": 17, "fields": {"name": "Can add session", "content_type": 5, "codename": "add_session"}}, {"model": "auth.permission", "pk": 18, "fields": {"name": "Can change session", "content_type": 5, "codename": "change_session"}}, {"model": "auth.permission", "pk": 19, "fields": {"name": "Can delete session", "content_type": 5, "codename": "delete_session"}}, {"model": "auth.permission", "pk": 20, "fields": {"name": "Can view session", "content_type": 5, "codename": "view_session"}}, {"model": "auth.permission", "pk": 21, "fields": {"name": "Can add site", "content_type": 6, "codename": "add_site"}}, {"model": "auth.permission", "pk": 22, "fields": {"name": "Can change site", "content_type": 6, "codename": "change_site"}}, {"model": "auth.permission", "pk": 23, "fields": {"name": "Can delete site", "content_type": 6, "codename": "delete_site"}}, {"model": "auth.permission", "pk": 24, "fields": {"name": "Can view site", "content_type": 6, "codename": "view_site"}}, {"model": "auth.permission", "pk": 25, "fields": {"name": "Can add user", "content_type": 7, "codename": "add_user"}}, {"model": "auth.permission", "pk": 26, "fields": {"name": "Can change user", "content_type": 7, "codename": "change_user"}}, {"model": "auth.permission", "pk": 27, "fields": {"name": "Can delete user", "content_type": 7, "codename": "delete_user"}}, {"model": "auth.permission", "pk": 28, "fields": {"name": "Can view user", "content_type": 7, "codename": "view_user"}}, {"model": "auth.permission", "pk": 29, "fields": {"name": "Can add client", "content_type": 8, "codename": "add_client"}}, {"model": "auth.permission", "pk": 30, "fields": {"name": "Can change client", "content_type": 8, "codename": "change_client"}}, {"model": "auth.permission", "pk": 31, "fields": {"name": "Can delete client", "content_type": 8, "codename": "delete_client"}}, {"model": "auth.permission", "pk": 32, "fields": {"name": "Can view client", "content_type": 8, "codename": "view_client"}}, {"model": "auth.permission", "pk": 33, "fields": {"name": "Can add color vehicle", "content_type": 9, "codename": "add_colorvehicle"}}, {"model": "auth.permission", "pk": 34, "fields": {"name": "Can change color vehicle", "content_type": 9, "codename": "change_colorvehicle"}}, {"model": "auth.permission", "pk": 35, "fields": {"name": "Can delete color vehicle", "content_type": 9, "codename": "delete_colorvehicle"}}, {"model": "auth.permission", "pk": 36, "fields": {"name": "Can view color vehicle", "content_type": 9, "codename": "view_colorvehicle"}}, {"model": "auth.permission", "pk": 37, "fields": {"name": "Can add local", "content_type": 10, "codename": "add_local"}}, {"model": "auth.permission", "pk": 38, "fields": {"name": "Can change local", "content_type": 10, "codename": "change_local"}}, {"model": "auth.permission", "pk": 39, "fields": {"name": "Can delete local", "content_type": 10, "codename": "delete_local"}}, {"model": "auth.permission", "pk": 40, "fields": {"name": "Can view local", "content_type": 10, "codename": "view_local"}}, {"model": "auth.permission", "pk": 41, "fields": {"name": "Can add location", "content_type": 11, "codename": "add_location"}}, {"model": "auth.permission", "pk": 42, "fields": {"name": "Can change location", "content_type": 11, "codename": "change_location"}}, {"model": "auth.permission", "pk": 43, "fields": {"name": "Can delete location", "content_type": 11, "codename": "delete_location"}}, {"model": "auth.permission", "pk": 44, "fields": {"name": "Can view location", "content_type": 11, "codename": "view_location"}}, {"model": "auth.permission", "pk": 45, "fields": {"name": "Can add map", "content_type": 12, "codename": "add_map"}}, {"model": "auth.permission", "pk": 46, "fields": {"name": "Can change map", "content_type": 12, "codename": "change_map"}}, {"model": "auth.permission", "pk": 47, "fields": {"name": "Can delete map", "content_type": 12, "codename": "delete_map"}}, {"model": "auth.permission", "pk": 48, "fields": {"name": "Can view map", "content_type": 12, "codename": "view_map"}}, {"model": "auth.permission", "pk": 49, "fields": {"name": "Can add order", "content_type": 13, "codename": "add_order"}}, {"model": "auth.permission", "pk": 50, "fields": {"name": "Can change order", "content_type": 13, "codename": "change_order"}}, {"model": "auth.permission", "pk": 51, "fields": {"name": "Can delete order", "content_type": 13, "codename": "delete_order"}}, {"model": "auth.permission", "pk": 52, "fields": {"name": "Can view order", "content_type": 13, "codename": "view_order"}}, {"model": "auth.permission", "pk": 53, "fields": {"name": "Can add payment", "content_type": 14, "codename": "add_payment"}}, {"model": "auth.permission", "pk": 54, "fields": {"name": "Can change payment", "content_type": 14, "codename": "change_payment"}}, {"model": "auth.permission", "pk": 55, "fields": {"name": "Can delete payment", "content_type": 14, "codename": "delete_payment"}}, {"model": "auth.permission", "pk": 56, "fields": {"name": "Can view payment", "content_type": 14, "codename": "view_payment"}}, {"model": "auth.permission", "pk": 57, "fields": {"name": "Can add phone", "content_type": 15, "codename": "add_phone"}}, {"model": "auth.permission", "pk": 58, "fields": {"name": "Can change phone", "content_type": 15, "codename": "change_phone"}}, {"model": "auth.permission", "pk": 59, "fields": {"name": "Can delete phone", "content_type": 15, "codename": "delete_phone"}}, {"model": "auth.permission", "pk": 60, "fields": {"name": "Can view phone", "content_type": 15, "codename": "view_phone"}}, {"model": "auth.permission", "pk": 61, "fields": {"name": "Can add reg error type", "content_type": 16, "codename": "add_regerrortype"}}, {"model": "auth.permission", "pk": 62, "fields": {"name": "Can change reg error type", "content_type": 16, "codename": "change_regerrortype"}}, {"model": "auth.permission", "pk": 63, "fields": {"name": "Can delete reg error type", "content_type": 16, "codename": "delete_regerrortype"}}, {"model": "auth.permission", "pk": 64, "fields": {"name": "Can view reg error type", "content_type": 16, "codename": "view_regerrortype"}}, {"model": "auth.permission", "pk": 65, "fields": {"name": "Can add type vehicle", "content_type": 17, "codename": "add_typevehicle"}}, {"model": "auth.permission", "pk": 66, "fields": {"name": "Can change type vehicle", "content_type": 17, "codename": "change_typevehicle"}}, {"model": "auth.permission", "pk": 67, "fields": {"name": "Can delete type vehicle", "content_type": 17, "codename": "delete_typevehicle"}}, {"model": "auth.permission", "pk": 68, "fields": {"name": "Can view type vehicle", "content_type": 17, "codename": "view_typevehicle"}}, {"model": "auth.permission", "pk": 69, "fields": {"name": "Can add motorizado", "content_type": 18, "codename": "add_motorizado"}}, {"model": "auth.permission", "pk": 70, "fields": {"name": "Can change motorizado", "content_type": 18, "codename": "change_motorizado"}}, {"model": "auth.permission", "pk": 71, "fields": {"name": "Can delete motorizado", "content_type": 18, "codename": "delete_motorizado"}}, {"model": "auth.permission", "pk": 72, "fields": {"name": "Can view motorizado", "content_type": 18, "codename": "view_motorizado"}}, {"model": "auth.permission", "pk": 73, "fields": {"name": "Can add sector", "content_type": 19, "codename": "add_sector"}}, {"model": "auth.permission", "pk": 74, "fields": {"name": "Can change sector", "content_type": 19, "codename": "change_sector"}}, {"model": "auth.permission", "pk": 75, "fields": {"name": "Can delete sector", "content_type": 19, "codename": "delete_sector"}}, {"model": "auth.permission", "pk": 76, "fields": {"name": "Can view sector", "content_type": 19, "codename": "view_sector"}}, {"model": "auth.permission", "pk": 77, "fields": {"name": "Can add phone local", "content_type": 20, "codename": "add_phonelocal"}}, {"model": "auth.permission", "pk": 78, "fields": {"name": "Can change phone local", "content_type": 20, "codename": "change_phonelocal"}}, {"model": "auth.permission", "pk": 79, "fields": {"name": "Can delete phone local", "content_type": 20, "codename": "delete_phonelocal"}}, {"model": "auth.permission", "pk": 80, "fields": {"name": "Can view phone local", "content_type": 20, "codename": "view_phonelocal"}}, {"model": "auth.permission", "pk": 81, "fields": {"name": "Can add phone client", "content_type": 21, "codename": "add_phoneclient"}}, {"model": "auth.permission", "pk": 82, "fields": {"name": "Can change phone client", "content_type": 21, "codename": "change_phoneclient"}}, {"model": "auth.permission", "pk": 83, "fields": {"name": "Can delete phone client", "content_type": 21, "codename": "delete_phoneclient"}}, {"model": "auth.permission", "pk": 84, "fields": {"name": "Can view phone client", "content_type": 21, "codename": "view_phoneclient"}}, {"model": "auth.permission", "pk": 85, "fields": {"name": "Can add order comments", "content_type": 22, "codename": "add_ordercomments"}}, {"model": "auth.permission", "pk": 86, "fields": {"name": "Can change order comments", "content_type": 22, "codename": "change_ordercomments"}}, {"model": "auth.permission", "pk": 87, "fields": {"name": "Can delete order comments", "content_type": 22, "codename": "delete_ordercomments"}}, {"model": "auth.permission", "pk": 88, "fields": {"name": "Can view order comments", "content_type": 22, "codename": "view_ordercomments"}}, {"model": "auth.permission", "pk": 89, "fields": {"name": "Can add mot validation", "content_type": 23, "codename": "add_motvalidation"}}, {"model": "auth.permission", "pk": 90, "fields": {"name": "Can change mot validation", "content_type": 23, "codename": "change_motvalidation"}}, {"model": "auth.permission", "pk": 91, "fields": {"name": "Can delete mot validation", "content_type": 23, "codename": "delete_motvalidation"}}, {"model": "auth.permission", "pk": 92, "fields": {"name": "Can view mot validation", "content_type": 23, "codename": "view_motvalidation"}}, {"model": "auth.permission", "pk": 93, "fields": {"name": "Can add mot regist comments", "content_type": 24, "codename": "add_motregistcomments"}}, {"model": "auth.permission", "pk": 94, "fields": {"name": "Can change mot regist comments", "content_type": 24, "codename": "change_motregistcomments"}}, {"model": "auth.permission", "pk": 95, "fields": {"name": "Can delete mot regist comments", "content_type": 24, "codename": "delete_motregistcomments"}}, {"model": "auth.permission", "pk": 96, "fields": {"name": "Can view mot regist comments", "content_type": 24, "codename": "view_motregistcomments"}}, {"model": "auth.permission", "pk": 97, "fields": {"name": "Can add models vehicle", "content_type": 25, "codename": "add_modelsvehicle"}}, {"model": "auth.permission", "pk": 98, "fields": {"name": "Can change models vehicle", "content_type": 25, "codename": "change_modelsvehicle"}}, {"model": "auth.permission", "pk": 99, "fields": {"name": "Can delete models vehicle", "content_type": 25, "codename": "delete_modelsvehicle"}}, {"model": "auth.permission", "pk": 100, "fields": {"name": "Can view models vehicle", "content_type": 25, "codename": "view_modelsvehicle"}}, {"model": "auth.permission", "pk": 101, "fields": {"name": "Can add local sector", "content_type": 26, "codename": "add_localsector"}}, {"model": "auth.permission", "pk": 102, "fields": {"name": "Can change local sector", "content_type": 26, "codename": "change_localsector"}}, {"model": "auth.permission", "pk": 103, "fields": {"name": "Can delete local sector", "content_type": 26, "codename": "delete_localsector"}}, {"model": "auth.permission", "pk": 104, "fields": {"name": "Can view local sector", "content_type": 26, "codename": "view_localsector"}}, {"model": "auth.permission", "pk": 105, "fields": {"name": "Can add local km", "content_type": 27, "codename": "add_localkm"}}, {"model": "auth.permission", "pk": 106, "fields": {"name": "Can change local km", "content_type": 27, "codename": "change_localkm"}}, {"model": "auth.permission", "pk": 107, "fields": {"name": "Can delete local km", "content_type": 27, "codename": "delete_localkm"}}, {"model": "auth.permission", "pk": 108, "fields": {"name": "Can view local km", "content_type": 27, "codename": "view_localkm"}}, {"model": "auth.permission", "pk": 109, "fields": {"name": "Can add vehicle", "content_type": 28, "codename": "add_vehicle"}}, {"model": "auth.permission", "pk": 110, "fields": {"name": "Can change vehicle", "content_type": 28, "codename": "change_vehicle"}}, {"model": "auth.permission", "pk": 111, "fields": {"name": "Can delete vehicle", "content_type": 28, "codename": "delete_vehicle"}}, {"model": "auth.permission", "pk": 112, "fields": {"name": "Can view vehicle", "content_type": 28, "codename": "view_vehicle"}}, {"model": "auth.permission", "pk": 113, "fields": {"name": "Can add phone user", "content_type": 29, "codename": "add_phoneuser"}}, {"model": "auth.permission", "pk": 114, "fields": {"name": "Can change phone user", "content_type": 29, "codename": "change_phoneuser"}}, {"model": "auth.permission", "pk": 115, "fields": {"name": "Can delete phone user", "content_type": 29, "codename": "delete_phoneuser"}}, {"model": "auth.permission", "pk": 116, "fields": {"name": "Can view phone user", "content_type": 29, "codename": "view_phoneuser"}}, {"model": "auth.permission", "pk": 117, "fields": {"name": "Can add mot device register", "content_type": 30, "codename": "add_motdeviceregister"}}, {"model": "auth.permission", "pk": 118, "fields": {"name": "Can change mot device register", "content_type": 30, "codename": "change_motdeviceregister"}}, {"model": "auth.permission", "pk": 119, "fields": {"name": "Can delete mot device register", "content_type": 30, "codename": "delete_motdeviceregister"}}, {"model": "auth.permission", "pk": 120, "fields": {"name": "Can view mot device register", "content_type": 30, "codename": "view_motdeviceregister"}}, {"model": "contenttypes.contenttype", "pk": 1, "fields": {"app_label": "admin", "model": "logentry"}}, {"model": "contenttypes.contenttype", "pk": 2, "fields": {"app_label": "auth", "model": "permission"}}, {"model": "contenttypes.contenttype", "pk": 3, "fields": {"app_label": "auth", "model": "group"}}, {"model": "contenttypes.contenttype", "pk": 4, "fields": {"app_label": "contenttypes", "model": "contenttype"}}, {"model": "contenttypes.contenttype", "pk": 5, "fields": {"app_label": "sessions", "model": "session"}}, {"model": "contenttypes.contenttype", "pk": 6, "fields": {"app_label": "sites", "model": "site"}}, {"model": "contenttypes.contenttype", "pk": 7, "fields": {"app_label": "backApp", "model": "user"}}, {"model": "contenttypes.contenttype", "pk": 8, "fields": {"app_label": "backApp", "model": "client"}}, {"model": "contenttypes.contenttype", "pk": 9, "fields": {"app_label": "backApp", "model": "colorvehicle"}}, {"model": "contenttypes.contenttype", "pk": 10, "fields": {"app_label": "backApp", "model": "local"}}, {"model": "contenttypes.contenttype", "pk": 11, "fields": {"app_label": "backApp", "model": "location"}}, {"model": "contenttypes.contenttype", "pk": 12, "fields": {"app_label": "backApp", "model": "map"}}, {"model": "contenttypes.contenttype", "pk": 13, "fields": {"app_label": "backApp", "model": "order"}}, {"model": "contenttypes.contenttype", "pk": 14, "fields": {"app_label": "backApp", "model": "payment"}}, {"model": "contenttypes.contenttype", "pk": 15, "fields": {"app_label": "backApp", "model": "phone"}}, {"model": "contenttypes.contenttype", "pk": 16, "fields": {"app_label": "backApp", "model": "regerrortype"}}, {"model": "contenttypes.contenttype", "pk": 17, "fields": {"app_label": "backApp", "model": "typevehicle"}}, {"model": "contenttypes.contenttype", "pk": 18, "fields": {"app_label": "backApp", "model": "motorizado"}}, {"model": "contenttypes.contenttype", "pk": 19, "fields": {"app_label": "backApp", "model": "sector"}}, {"model": "contenttypes.contenttype", "pk": 20, "fields": {"app_label": "backApp", "model": "phonelocal"}}, {"model": "contenttypes.contenttype", "pk": 21, "fields": {"app_label": "backApp", "model": "phoneclient"}}, {"model": "contenttypes.contenttype", "pk": 22, "fields": {"app_label": "backApp", "model": "ordercomments"}}, {"model": "contenttypes.contenttype", "pk": 23, "fields": {"app_label": "backApp", "model": "motvalidation"}}, {"model": "contenttypes.contenttype", "pk": 24, "fields": {"app_label": "backApp", "model": "motregistcomments"}}, {"model": "contenttypes.contenttype", "pk": 25, "fields": {"app_label": "backApp", "model": "modelsvehicle"}}, {"model": "contenttypes.contenttype", "pk": 26, "fields": {"app_label": "backApp", "model": "localsector"}}, {"model": "contenttypes.contenttype", "pk": 27, "fields": {"app_label": "backApp", "model": "localkm"}}, {"model": "contenttypes.contenttype", "pk": 28, "fields": {"app_label": "backApp", "model": "vehicle"}}, {"model": "contenttypes.contenttype", "pk": 29, "fields": {"app_label": "backApp", "model": "phoneuser"}}, {"model": "contenttypes.contenttype", "pk": 30, "fields": {"app_label": "backApp", "model": "motdeviceregister"}}, {"model": "sessions.session", "pk": "uchtljbbyq8fatzi4n67ek56ix1bp64i", "fields": {"session_data": ".eJxVjEEOwiAQRe_C2hChZQCX7nsGMgODVA0kpV0Z765NutDtf-_9lwi4rSVsnZcwJ3ERCsTpdySMD647SXestyZjq-syk9wVedAup5b4eT3cv4OCvXzr7GFAzZpQDQCkreExZmudd9aPGaJPKipOiYjcaAwCawZtM6DLFM_i_QESPjix:1mfVss:4qkMHjNjdWjdNdLbB46KkIS7klzPTkjmIR2ya6_lANc", "expire_date": "2021-11-09T23:29:34.300Z"}}, {"model": "sites.site", "pk": 1, "fields": {"domain": "example.com", "name": "example.com"}}, {"model": "backApp.location", "pk": 1, "fields": {"latitude": -2.1567978, "longitude": -79.826119, "reference": "Duran"}}, {"model": "backApp.location", "pk": 2, "fields": {"latitude": -79.919121, "longitude": -2.066622, "reference": "location"}}, {"model": "backApp.location", "pk": 3, "fields": {"latitude": -79.919121, "longitude": -2.066622, "reference": "location"}}, {"model": "backApp.location", "pk": 4, "fields": {"latitude": -79.919121, "longitude": -2.066622, "reference": "location"}}, {"model": "backApp.location", "pk": 5, "fields": {"latitude": -79.919121, "longitude": -2.066622, "reference": "location"}}, {"model": "backApp.location", "pk": 6, "fields": {"latitude": -79.919121, "longitude": -2.06662, "reference": "location"}}, {"model": "backApp.location", "pk": 7, "fields": {"latitude": -79.919121, "longitude": -2.06662, "reference": "location"}}, {"model": "backApp.location", "pk": 8, "fields": {"latitude": -2.1567976, "longitude": -79.8260763, "reference": "Duran"}}, {"model": "backApp.location", "pk": 9, "fields": {"latitude": -2.1567687, "longitude": -79.8261397, "reference": "Duran"}}, {"model": "backApp.location", "pk": 10, "fields": {"latitude": -2.1567687, "longitude": -79.8261397, "reference": "Duran"}}, {"model": "backApp.location", "pk": 11, "fields": {"latitude": -2.1567687, "longitude": -79.8261397, "reference": "Duran"}}, {"model": "backApp.location", "pk": 12, "fields": {"latitude": -2.1567687, "longitude": -79.8261397, "reference": "Duran"}}, {"model": "backApp.location", "pk": 13, "fields": {"latitude": -2.1567557, "longitude": -79.8261728, "reference": "Duran"}}, {"model": "backApp.location", "pk": 14, "fields": {"latitude": -2.1567557, "longitude": -79.8261728, "reference": "Duran"}}, {"model": "backApp.location", "pk": 15, "fields": {"latitude": -2.1567557, "longitude": -79.8261728, "reference": "Duran"}}, {"model": "backApp.location", "pk": 16, "fields": {"latitude": -2.1568285, "longitude": -79.8262031, "reference": "Duran"}}, {"model": "backApp.location", "pk": 17, "fields": {"latitude": -2.1567811, "longitude": -79.8260319, "reference": "Duran"}}, {"model": "backApp.location", "pk": 18, "fields": {"latitude": -79.89898745041448, "longitude": -2.1785361417689675, "reference": "Sauces"}}, {"model": "backApp.location", "pk": 19, "fields": {"latitude": -79.89898745041448, "longitude": -2.1785361417689675, "reference": "Sauces"}}, {"model": "backApp.location", "pk": 20, "fields": {"latitude": -79.89898745041448, "longitude": -2.1785361417689675, "reference": "Sauces"}}, {"model": "backApp.location", "pk": 21, "fields": {"latitude": -79.89898745041448, "longitude": -2.1785361417689675, "reference": "Sauces"}}, {"model": "backApp.location", "pk": 22, "fields": {"latitude": -79.89898745041448, "longitude": -2.1785361417689675, "reference": "Sauces"}}, {"model": "backApp.location", "pk": 23, "fields": {"latitude": -2.1596499, "longitude": -79.8184574, "reference": "Duran"}}, {"model": "backApp.location", "pk": 24, "fields": {"latitude": -2.1567695, "longitude": -79.8261022, "reference": "Duran"}}, {"model": "backApp.location", "pk": 25, "fields": {"latitude": -2.1567895, "longitude": -79.8260954, "reference": "Duran"}}, {"model": "backApp.location", "pk": 26, "fields": {"latitude": -2.1567615, "longitude": -79.8262211, "reference": "Duran"}}, {"model": "backApp.location", "pk": 27, "fields": {"latitude": -2.1567615, "longitude": -79.8262211, "reference": "Duran"}}, {"model": "backApp.location", "pk": 28, "fields": {"latitude": -2.1567615, "longitude": -79.8262211, "reference": "Duran"}}, {"model": "backApp.location", "pk": 29, "fields": {"latitude": -2.1567615, "longitude": -79.8262211, "reference": "Duran"}}, {"model": "backApp.location", "pk": 30, "fields": {"latitude": -2.1596499, "longitude": -79.8184574, "reference": "Duran"}}, {"model": "backApp.location", "pk": 31, "fields": {"latitude": -79.89898745041448, "longitude": -2.1785361417689675, "reference": "Duran"}}, {"model": "backApp.location", "pk": 32, "fields": {"latitude": -79.919121, "longitude": -2.06662, "reference": "location"}}, {"model": "backApp.location", "pk": 33, "fields": {"latitude": -79.89898745041448, "longitude": -2.1785361417689675, "reference": "Duran"}}, {"model": "backApp.location", "pk": 34, "fields": {"latitude": -79.89898745041448, "longitude": -2.1785361417689675, "reference": "Duran"}}, {"model": "backApp.location", "pk": 35, "fields": {"latitude": -2.1596499, "longitude": -79.8184574, "reference": "Duran"}}, {"model": "backApp.location", "pk": 36, "fields": {"latitude": -2.1596499, "longitude": -79.8184574, "reference": "Duran"}}, {"model": "backApp.location", "pk": 37, "fields": {"latitude": -2.1596499, "longitude": -79.8184574, "reference": "Duran"}}, {"model": "backApp.location", "pk": 38, "fields": {"latitude": -79.919121, "longitude": -2.06662, "reference": "location"}}, {"model": "backApp.location", "pk": 39, "fields": {"latitude": -79.919121, "longitude": -2.06662, "reference": "location"}}, {"model": "backApp.location", "pk": 40, "fields": {"latitude": -79.919121, "longitude": -2.06662, "reference": "location"}}, {"model": "backApp.location", "pk": 41, "fields": {"latitude": -2.1596499, "longitude": -79.8184574, "reference": "Duran"}}, {"model": "backApp.location", "pk": 42, "fields": {"latitude": -2.5797979, "longitude": -79.999999, "reference": "Sauces"}}, {"model": "backApp.location", "pk": 43, "fields": {"latitude": -2.5797979, "longitude": -79.999999, "reference": "Sauces"}}, {"model": "backApp.location", "pk": 44, "fields": {"latitude": -2.1721806811822706, "longitude": -79.89729882369569, "reference": "Sauces"}}, {"model": "backApp.location", "pk": 45, "fields": {"latitude": -2.5797979, "longitude": -79.999999, "reference": "Sauces"}}, {"model": "backApp.location", "pk": 46, "fields": {"latitude": -2.5797979, "longitude": -79.999999, "reference": "Sauces"}}, {"model": "backApp.location", "pk": 47, "fields": {"latitude": -2.5797979, "longitude": -79.999999, "reference": "Sauces"}}, {"model": "backApp.location", "pk": 48, "fields": {"latitude": -2.1721806811822706, "longitude": -79.89729882369569, "reference": "Sauces"}}, {"model": "backApp.location", "pk": 49, "fields": {"latitude": -2.1721806811822706, "longitude": -79.89729882369569, "reference": "Sauces"}}, {"model": "backApp.location", "pk": 50, "fields": {"latitude": -2.1721806811822706, "longitude": -79.89729882369569, "reference": "Sauces"}}, {"model": "backApp.location", "pk": 51, "fields": {"latitude": -2.1721806811822706, "longitude": -79.89729882369569, "reference": "Sauces"}}, {"model": "backApp.location", "pk": 52, "fields": {"latitude": -2.2302424, "longitude": -79.9353474, "reference": "Duran"}}, {"model": "backApp.location", "pk": 53, "fields": {"latitude": -2.1721806811822706, "longitude": -79.89729882369569, "reference": "ñ"}}, {"model": "backApp.location", "pk": 54, "fields": {"latitude": -2.1721806811822706, "longitude": -79.89729882369569, "reference": "ñ"}}, {"model": "backApp.location", "pk": 55, "fields": {"latitude": -2.1721806811822706, "longitude": -79.89729882369569, "reference": "ñ"}}, {"model": "backApp.location", "pk": 56, "fields": {"latitude": -2.1721806811822706, "longitude": -79.89729882369569, "reference": "ñ"}}, {"model": "backApp.location", "pk": 57, "fields": {"latitude": -2.1721806811822706, "longitude": -79.89729882369569, "reference": "ñ"}}, {"model": "backApp.location", "pk": 58, "fields": {"latitude": -2.2281203, "longitude": -79.9068739, "reference": "Duran"}}, {"model": "backApp.location", "pk": 59, "fields": {"latitude": -2.1721806811822706, "longitude": -79.89729882369569, "reference": "Sauces"}}, {"model": "backApp.location", "pk": 60, "fields": {"latitude": -2.1721806811822706, "longitude": -79.89729882369569, "reference": "Sauces"}}, {"model": "backApp.location", "pk": 61, "fields": {"latitude": -2.1721806811822706, "longitude": -79.89729882369569, "reference": "Sauces"}}, {"model": "backApp.location", "pk": 62, "fields": {"latitude": -2.2175001, "longitude": -79.9092901, "reference": "Sauces"}}, {"model": "backApp.location", "pk": 63, "fields": {"latitude": -2.2175001, "longitude": -79.9092901, "reference": "Sauces 3"}}, {"model": "backApp.location", "pk": 64, "fields": {"latitude": -2.2175001, "longitude": -79.9092901, "reference": "Sauces 3"}}, {"model": "backApp.location", "pk": 65, "fields": {"latitude": -2.2188723619831086, "longitude": -79.95632531728518, "reference": "Ciudadela Los rios"}}, {"model": "backApp.location", "pk": 66, "fields": {"latitude": -2.2188723619831086, "longitude": -79.95632531728518, "reference": "Ciudadela Los rios"}}, {"model": "backApp.location", "pk": 67, "fields": {"latitude": -2.2175001, "longitude": -79.9092901, "reference": "Sauces 2 viila 9"}}, {"model": "backApp.location", "pk": 68, "fields": {"latitude": -2.1643239756307975, "longitude": -79.91203668203127, "reference": "Cerca de la tienda doña Lola"}}, {"model": "backApp.location", "pk": 69, "fields": {"latitude": -2.1643239756307975, "longitude": -79.91203668203127, "reference": "Cerca de la tienda doña Lola"}}, {"model": "backApp.location", "pk": 70, "fields": {"latitude": -2.134931350548105, "longitude": -79.89047378485387, "reference": "Duran"}}, {"model": "backApp.location", "pk": 71, "fields": {"latitude": 37.785834, "longitude": -122.406417, "reference": "Duran"}}, {"model": "backApp.location", "pk": 72, "fields": {"latitude": -2.231118487174118, "longitude": -79.93803522228315, "reference": "Duran"}}, {"model": "backApp.location", "pk": 73, "fields": {"latitude": -2.1567945, "longitude": -79.8261493, "reference": "Duran"}}, {"model": "backApp.location", "pk": 74, "fields": {"latitude": -2.1567945, "longitude": -79.8261493, "reference": "Duran"}}, {"model": "backApp.location", "pk": 75, "fields": {"latitude": -2.1429858, "longitude": -79.8834423, "reference": "Primax americas"}}, {"model": "backApp.location", "pk": 76, "fields": {"latitude": -2.1405816, "longitude": -79.9322606, "reference": "Chef express"}}, {"model": "backApp.user", "pk": 1, "fields": {"password": "pbkdf2_sha256$216000$2OA9Q9d8BWfr$I7bRfVfazL3F7oy2Ign5q5d9dOUKG8KRO6TqfiUKio0=", "last_login": null, "is_superuser": false, "first_name": "Carlos", "last_name": "Loja", "is_staff": false, "is_active": false, "date_joined": "2021-10-21T01:46:35.944Z", "email": "clojaguevara22@gmail.com", "number_id": "0951690148", "is_operador": false, "is_motorizado": true, "profile_pic": "", "birth_date": "1982-10-20", "gender": "1", "home_loc": 1, "groups": [], "user_permissions": []}}, {"model": "backApp.user", "pk": 2, "fields": {"password": "pbkdf2_sha256$216000$J4BKkuZDvQHA$iRz7vnL3V43GF2PCIR98f3QMuc69NwwR2CAUEcBbAIs=", "last_login": null, "is_superuser": false, "first_name": "nombre", "last_name": "apellido", "is_staff": false, "is_active": true, "date_joined": "2021-10-24T21:49:04.203Z", "email": "user@espol.edu.ec", "number_id": "0999699110", "is_operador": false, "is_motorizado": false, "profile_pic": "", "birth_date": "2001-03-18", "gender": "1", "home_loc": 2, "groups": [], "user_permissions": []}}, {"model": "backApp.user", "pk": 3, "fields": {"password": "pbkdf2_sha256$216000$VG7IjLijIrgC$BDPCanEmH9RP2oeRt78J5a/KHUQJbWviTbig6jCOrwY=", "last_login": null, "is_superuser": false, "first_name": "nombre1", "last_name": "apellido1", "is_staff": false, "is_active": false, "date_joined": "2021-10-24T21:50:52.612Z", "email": "prueba@espol.edu.ec", "number_id": "0999699110", "is_operador": false, "is_motorizado": false, "profile_pic": "", "birth_date": "2001-03-18", "gender": "1", "home_loc": 4, "groups": [], "user_permissions": []}}, {"model": "backApp.user", "pk": 4, "fields": {"password": "pbkdf2_sha256$216000$V8TU3G2Qq1Ts$qale36O39fBpOhk5ZRHcUIuan4UkOb0gGm/BLst/6iM=", "last_login": null, "is_superuser": false, "first_name": "nombre1", "last_name": "apellido1", "is_staff": false, "is_active": true, "date_joined": "2021-10-24T21:54:19.264Z", "email": "prueba1@espol.edu.ec", "number_id": "0999699110", "is_operador": false, "is_motorizado": false, "profile_pic": "", "birth_date": "2001-03-18", "gender": "1", "home_loc": null, "groups": [], "user_permissions": []}}, {"model": "backApp.user", "pk": 5, "fields": {"password": "pbkdf2_sha256$216000$3CWKTzGLV2rJ$yTN2Yg5eZLJLzBsldtBXOwkETCSYZ1WEDPOfJksHApA=", "last_login": null, "is_superuser": false, "first_name": "nombre2", "last_name": "apellido2", "is_staff": false, "is_active": true, "date_joined": "2021-10-24T21:55:04.535Z", "email": "prueba2@espol.edu.ec", "number_id": "0999699110", "is_operador": false, "is_motorizado": false, "profile_pic": "", "birth_date": "2001-03-18", "gender": "1", "home_loc": null, "groups": [], "user_permissions": []}}, {"model": "backApp.user", "pk": 6, "fields": {"password": "pbkdf2_sha256$216000$CE0ytzpZNXjN$0pcNW79SUQlVrU86SQ6tKcWUTRuG8PToscCpp8JNlxU=", "last_login": null, "is_superuser": false, "first_name": "nombre3", "last_name": "apellido3", "is_staff": false, "is_active": true, "date_joined": "2021-10-24T21:55:56.725Z", "email": "prueba3@espol.edu.ec", "number_id": "0999699110", "is_operador": false, "is_motorizado": false, "profile_pic": "", "birth_date": "2001-03-18", "gender": "1", "home_loc": 5, "groups": [], "user_permissions": []}}, {"model": "backApp.user", "pk": 7, "fields": {"password": "pbkdf2_sha256$216000$4r4gAwbNCY5r$25sP1uCtH8RUJ1KD3tnddixf6/egjmf2huG1GWcmXiI=", "last_login": null, "is_superuser": false, "first_name": "nombre4", "last_name": "apellido4", "is_staff": false, "is_active": true, "date_joined": "2021-10-24T22:16:42.699Z", "email": "prueba4@espol.edu.ec", "number_id": "0999699110", "is_operador": false, "is_motorizado": false, "profile_pic": "images/profiles/3600_10_07_cIglNjG.jpg", "birth_date": "2001-03-18", "gender": "1", "home_loc": 6, "groups": [], "user_permissions": []}}, {"model": "backApp.user", "pk": 8, "fields": {"password": "pbkdf2_sha256$216000$RU7l5nnx3uLq$NoAoi+d2MmwJ9iksAJBjkxOideUipmdmuXmQbK8D/6Y=", "last_login": null, "is_superuser": false, "first_name": "nombre5", "last_name": "apellido5", "is_staff": false, "is_active": true, "date_joined": "2021-10-24T23:12:10.701Z", "email": "prueba5@espol.edu.ec", "number_id": "0999699110", "is_operador": false, "is_motorizado": false, "profile_pic": "images/profiles/3600_10_07_JyGCMBW.jpg", "birth_date": "2001-03-18", "gender": "1", "home_loc": 7, "groups": [], "user_permissions": []}}, {"model": "backApp.user", "pk": 9, "fields": {"password": "pbkdf2_sha256$216000$YAvxC4dgjLD1$b/svx3iLX88CyXPIG8tPKESpN1jiPKMSqz2F51hS2eU=", "last_login": null, "is_superuser": false, "first_name": "Carlos Andres", "last_name": "Loja Guevara", "is_staff": false, "is_active": true, "date_joined": "2021-10-25T00:09:26.068Z", "email": "caloja@espol.edu.ec", "number_id": "0951690148", "is_operador": false, "is_motorizado": true, "profile_pic": "images/profiles/2021-10-25.jpeg", "birth_date": "1998-10-24", "gender": "1", "home_loc": 8, "groups": [], "user_permissions": []}}, {"model": "backApp.user", "pk": 10, "fields": {"password": "pbkdf2_sha256$216000$0JR9U1gaUeRs$wVqwGdWQkdHJZkn8PWOFuOgwNH6R8hgKBUice6UGm3M=", "last_login": null, "is_superuser": false, "first_name": "Carlos", "last_name": "Loja", "is_staff": false, "is_active": true, "date_joined": "2021-10-25T00:21:39.199Z", "email": "caloja2@espol.edu.ec", "number_id": "0951690148", "is_operador": false, "is_motorizado": false, "profile_pic": "images/profiles/2021-10-25_BtcmxNA.jpeg", "birth_date": "1999-10-24", "gender": "1", "home_loc": 10, "groups": [], "user_permissions": []}}, {"model": "backApp.user", "pk": 11, "fields": {"password": "pbkdf2_sha256$216000$Z1am2iK5mO2h$sFDLTi8Ugb4Z4UAJYomrCvqnEqjRnjRCERgwb0F1AjY=", "last_login": null, "is_superuser": false, "first_name": "Carlos", "last_name": "Loja", "is_staff": false, "is_active": true, "date_joined": "2021-10-25T00:22:40.095Z", "email": "caloja3@espol.edu.ec", "number_id": "0951690148", "is_operador": false, "is_motorizado": false, "profile_pic": "images/profiles/2021-10-25_XMImSvW.jpeg", "birth_date": "1998-10-24", "gender": "1", "home_loc": 12, "groups": [], "user_permissions": []}}, {"model": "backApp.user", "pk": 12, "fields": {"password": "pbkdf2_sha256$216000$Js2DkkZXeqbx$PrR5FvUcgyZYNKfNV9XHoMcWtTpZO3H1nLeOrvvO++k=", "last_login": null, "is_superuser": false, "first_name": "Carlo", "last_name": "Loja", "is_staff": false, "is_active": true, "date_joined": "2021-10-25T00:24:12.030Z", "email": "caloja4@espol.edu.ec", "number_id": "0951690148", "is_operador": false, "is_motorizado": false, "profile_pic": "images/profiles/2021-10-25_e6zNnou.jpeg", "birth_date": "1994-12-24", "gender": "1", "home_loc": 13, "groups": [], "user_permissions": []}}, {"model": "backApp.user", "pk": 13, "fields": {"password": "pbkdf2_sha256$216000$wLVxeRW1Ptqo$df0/OUHOzOOtUZDFLpXv7j8QJaRqr2kevdxsHsV1RUo=", "last_login": null, "is_superuser": false, "first_name": "Carlos", "last_name": "Loja", "is_staff": false, "is_active": true, "date_joined": "2021-10-25T00:43:36.172Z", "email": "caloja5@espol.edu.ec", "number_id": "0951690148", "is_operador": false, "is_motorizado": false, "profile_pic": "images/profiles/2021-10-25_SLke8EC.jpeg", "birth_date": "1995-10-24", "gender": "1", "home_loc": 16, "groups": [], "user_permissions": []}}, {"model": "backApp.user", "pk": 14, "fields": {"password": "pbkdf2_sha256$216000$DCE4k66WX7WU$ys3B9SuYAu+zeFvwnlkfBd/+9oG6XH2C7nNqCpnFVbo=", "last_login": null, "is_superuser": false, "first_name": "Carlos", "last_name": "Loja", "is_staff": false, "is_active": false, "date_joined": "2021-10-25T00:46:55.172Z", "email": "caloja6@espol.edu.ec", "number_id": "0951690148", "is_operador": false, "is_motorizado": true, "profile_pic": "images/profiles/2021-10-25_jWbbOKc.jpeg", "birth_date": "1995-10-24", "gender": "1", "home_loc": 17, "groups": [], "user_permissions": []}}, {"model": "backApp.user", "pk": 16, "fields": {"password": "pbkdf2_sha256$216000$fDjcpfzmwSux$NTadvJVlpUL/hdKrleHOiRb1Bos/z/6oqIMnmXgLKN0=", "last_login": "2021-10-26T23:29:34.174Z", "is_superuser": true, "first_name": "Admin", "last_name": "Admin", "is_staff": true, "is_active": true, "date_joined": "2021-10-26T23:29:23.900Z", "email": "despachomotorizado@gmail.com", "number_id": "", "is_operador": false, "is_motorizado": false, "profile_pic": "", "birth_date": null, "gender": null, "home_loc": null, "groups": [], "user_permissions": []}}, {"model": "backApp.user", "pk": 17, "fields": {"password": "pbkdf2_sha256$216000$J0Ht3In051tc$4Uqr8AVJVO0TaJv8okjsfxY+OIRKsIGICr4RkexpwTQ=", "last_login": null, "is_superuser": false, "first_name": "Carlos", "last_name": "Loja", "is_staff": false, "is_active": false, "date_joined": "2021-10-27T00:02:47.748Z", "email": "caloja11@espol.edu.ec", "number_id": "0951690148", "is_operador": false, "is_motorizado": false, "profile_pic": "images/profiles/2021-10-27.jpeg", "birth_date": "2000-10-26", "gender": "1", "home_loc": 23, "groups": [], "user_permissions": []}}, {"model": "backApp.user", "pk": 18, "fields": {"password": "pbkdf2_sha256$216000$squqXP1Dmtu5$5hO1uQvCiqZm8mqpAm7gM0fP9myLS+teWYTBEYhXXVY=", "last_login": null, "is_superuser": false, "first_name": "Carlos", "last_name": "Loja", "is_staff": false, "is_active": false, "date_joined": "2021-10-27T00:12:24.668Z", "email": "caloja12@espol.edu.ec", "number_id": "0951690148", "is_operador": false, "is_motorizado": false, "profile_pic": "images/profiles/2021-10-27_1OqWaFW.jpeg", "birth_date": "1990-10-26", "gender": "1", "home_loc": 25, "groups": [], "user_permissions": []}}, {"model": "backApp.user", "pk": 19, "fields": {"password": "pbkdf2_sha256$216000$UETBPgY5RQca$Dbr3u/gtVMx6hbgqyQTZLivrT2zpaX6O0Oz5JRoxL1M=", "last_login": null, "is_superuser": false, "first_name": "Carlos", "last_name": "Loja", "is_staff": false, "is_active": false, "date_joined": "2021-10-27T00:13:19.979Z", "email": "caloja123@espol.edu.ec", "number_id": "0951690148", "is_operador": false, "is_motorizado": false, "profile_pic": "images/profiles/2021-10-27_vwGkwuQ.jpeg", "birth_date": "1990-10-26", "gender": "1", "home_loc": 26, "groups": [], "user_permissions": []}}, {"model": "backApp.user", "pk": 20, "fields": {"password": "pbkdf2_sha256$216000$OmzlYKJUVNRp$KR5CkYagY/slIqOTx71MseWREmP79uMfGfeAzQoMoAY=", "last_login": null, "is_superuser": false, "first_name": "Carlos", "last_name": "Loja", "is_staff": false, "is_active": false, "date_joined": "2021-10-27T00:13:44.335Z", "email": "caloja1234@espol.edu.ec", "number_id": "0951690148", "is_operador": false, "is_motorizado": false, "profile_pic": "images/profiles/2021-10-27_zgqiDFY.jpeg", "birth_date": "1998-12-25", "gender": "1", "home_loc": 28, "groups": [], "user_permissions": []}}, {"model": "backApp.user", "pk": 21, "fields": {"password": "pbkdf2_sha256$216000$cHE3oJqjJsif$JQeCuzi/8oeJ4/osj4hg4o6LNWKbUcbWrmzv7yNx8sg=", "last_login": null, "is_superuser": false, "first_name": "Carlos", "last_name": "Loja", "is_staff": false, "is_active": true, "date_joined": "2021-10-27T00:14:34.122Z", "email": "caloja12344@espol.edu.ec", "number_id": "0951690148", "is_operador": false, "is_motorizado": true, "profile_pic": "images/profiles/2021-10-27_cfKbWaU.jpeg", "birth_date": "1997-12-30", "gender": "1", "home_loc": 29, "groups": [], "user_permissions": []}}, {"model": "backApp.user", "pk": 22, "fields": {"password": "pbkdf2_sha256$216000$mHo4h6fUskqe$qHXZR5srSWdL+Z7MS0p584QJMRWu6ti9jBU3DJUYXhI=", "last_login": null, "is_superuser": false, "first_name": "carlos", "last_name": "loja", "is_staff": false, "is_active": false, "date_joined": "2021-10-27T00:26:14.054Z", "email": "caloja1510@espol.edu.ec", "number_id": "0951690148", "is_operador": false, "is_motorizado": false, "profile_pic": "images/profiles/2021-10-27_XoXZT9H.jpeg", "birth_date": "1988-10-26", "gender": "1", "home_loc": 30, "groups": [], "user_permissions": []}}, {"model": "backApp.user", "pk": 23, "fields": {"password": "pbkdf2_sha256$216000$UkLZhD2qUnHq$ptWBOf5D43y/mEXA/4R0Wbe0zuTVDT/olqxOA9Ra6ws=", "last_login": null, "is_superuser": false, "first_name": "nombrex", "last_name": "apellidox", "is_staff": false, "is_active": false, "date_joined": "2021-10-27T00:30:16.771Z", "email": "pruebax@espol.edu.ec", "number_id": "0999699110", "is_operador": false, "is_motorizado": false, "profile_pic": "images/profiles/3600_10_07_Iunt51o.jpg", "birth_date": "2001-03-18", "gender": "1", "home_loc": 32, "groups": [], "user_permissions": []}}, {"model": "backApp.user", "pk": 24, "fields": {"password": "pbkdf2_sha256$216000$oEgrl6tJns5v$vykyaRANlRz5uM2mHVb3datOeOm4LWrPSnSkcTsbSPI=", "last_login": null, "is_superuser": false, "first_name": "Carlos", "last_name": "Loja", "is_staff": false, "is_active": false, "date_joined": "2021-10-27T01:34:08.982Z", "email": "caloja15102@espol.edu.ec", "number_id": "0951690148", "is_operador": false, "is_motorizado": false, "profile_pic": "images/profiles/2021-10-27.png", "birth_date": "1997-10-26", "gender": "1", "home_loc": 35, "groups": [], "user_permissions": []}}, {"model": "backApp.user", "pk": 25, "fields": {"password": "pbkdf2_sha256$216000$c59MHAzmdbmd$pa3tu/cHD7RvVrFuW16n5cqLF6Qghza0FIiUmJ4qg4g=", "last_login": null, "is_superuser": false, "first_name": "Carlos", "last_name": "Loja", "is_staff": false, "is_active": false, "date_joined": "2021-10-27T02:07:05.528Z", "email": "caloja151012@espol.edu.ec", "number_id": "0951690148", "is_operador": false, "is_motorizado": false, "profile_pic": "images/profiles/2021-10-27.png", "birth_date": "1996-10-27", "gender": "1", "home_loc": 36, "groups": [], "user_permissions": []}}, {"model": "backApp.user", "pk": 26, "fields": {"password": "pbkdf2_sha256$216000$6fBbph94ZV4W$vlGAy51vNdGyA+Mz7o336pgHBA4xpClqQZd6ugS7J34=", "last_login": null, "is_superuser": false, "first_name": "Carlos", "last_name": "Loja", "is_staff": false, "is_active": false, "date_joined": "2021-10-27T02:08:01.551Z", "email": "caloja1510122@espol.edu.ec", "number_id": "0951690148", "is_operador": false, "is_motorizado": false, "profile_pic": "images/profiles/2021-10-27_uOwZqyw.png", "birth_date": "1998-11-28", "gender": "1", "home_loc": 37, "groups": [], "user_permissions": []}}, {"model": "backApp.user", "pk": 27, "fields": {"password": "pbkdf2_sha256$216000$JxSMmHst03iQ$BzAwEl/PBUMCzP4XCeePMActzKP9GLeChFkJXtOTOag=", "last_login": null, "is_superuser": false, "first_name": "prueba_nombre", "last_name": "prueba_apellido", "is_staff": false, "is_active": false, "date_joined": "2021-10-27T02:32:30.197Z", "email": "prueba_email@espol.edu.ec", "number_id": "0999699110", "is_operador": false, "is_motorizado": false, "profile_pic": "images/profiles/3600_10_07_GGQaVWB.jpg", "birth_date": "2001-03-18", "gender": "1", "home_loc": 38, "groups": [], "user_permissions": []}}, {"model": "backApp.user", "pk": 28, "fields": {"password": "pbkdf2_sha256$216000$VLAv8tqf1Z5K$SDuaLNu2cIjlphHGzPMmixDYHXb+V+Cs1EbCA0cWgsY=", "last_login": null, "is_superuser": false, "first_name": "prueba_nombre1", "last_name": "prueba_apellido1", "is_staff": false, "is_active": false, "date_joined": "2021-10-27T02:38:38.637Z", "email": "prueba_email1@espol.edu.ec", "number_id": "0999699110", "is_operador": false, "is_motorizado": false, "profile_pic": "images/profiles/3600_10_07_enle341.jpg", "birth_date": "2001-03-18", "gender": "1", "home_loc": 39, "groups": [], "user_permissions": []}}, {"model": "backApp.user", "pk": 29, "fields": {"password": "pbkdf2_sha256$216000$iiW3hOyOTDMq$/1ZwFAU4A1lffvYgbc8N/CrOX5ItufnDNHmmL44XlBA=", "last_login": null, "is_superuser": false, "first_name": "prueba_nombre2", "last_name": "prueba_apellido2", "is_staff": false, "is_active": true, "date_joined": "2021-10-27T02:42:35.417Z", "email": "prueba_email2@espol.edu.ec", "number_id": "0999699110", "is_operador": false, "is_motorizado": false, "profile_pic": "images/profiles/3600_10_07_pUoMpG1.jpg", "birth_date": "2001-03-18", "gender": "1", "home_loc": 40, "groups": [], "user_permissions": []}}, {"model": "backApp.user", "pk": 30, "fields": {"password": "pbkdf2_sha256$216000$tLlUlV73LqTP$BO4LcGPZeSlK2zIfOdlI66sEvMJDn4tB1xaeGhw1Pb4=", "last_login": null, "is_superuser": false, "first_name": "Carlos", "last_name": "Loja", "is_staff": false, "is_active": true, "date_joined": "2021-10-27T03:19:20.596Z", "email": "caloja12121212@gmail.com", "number_id": "0951690148", "is_operador": false, "is_motorizado": true, "profile_pic": "images/profiles/2021-10-27_HiqJxiH.jpeg", "birth_date": "1980-10-26", "gender": "1", "home_loc": 41, "groups": [], "user_permissions": []}}, {"model": "backApp.user", "pk": 31, "fields": {"password": "pbkdf2_sha256$216000$ND50YxO9gh6b$NKTNozQwv9s/xBNgSQmJHD0vsn5Meb+elHfThoDWKyc=", "last_login": null, "is_superuser": false, "first_name": "Juan Carlos", "last_name": "Carrillo Valencia", "is_staff": false, "is_active": true, "date_joined": "2021-10-27T12:17:55.033Z", "email": "juancarlos.carrillovalenciares@gmail.com", "number_id": "0917398356", "is_operador": false, "is_motorizado": true, "profile_pic": "images/profiles/2021-10-27_GlGnhQ3.jpeg", "birth_date": "1985-10-27", "gender": "1", "home_loc": 52, "groups": [], "user_permissions": []}}, {"model": "backApp.user", "pk": 32, "fields": {"password": "pbkdf2_sha256$216000$zd2Nr3WZPi8Y$UWfpwgBNoY9uUUq90uxG0M+4NZjG7MJAig/dCFEXUuU=", "last_login": null, "is_superuser": false, "first_name": "Johanna", "last_name": "Zumba", "is_staff": false, "is_active": true, "date_joined": "2021-10-27T18:36:58.730Z", "email": "johanna.zumba@gmail.com", "number_id": "0919922252", "is_operador": false, "is_motorizado": false, "profile_pic": "images/profiles/2021-10-27_8ITb8uW.jpeg", "birth_date": "1993-10-27", "gender": "2", "home_loc": 58, "groups": [], "user_permissions": []}}, {"model": "backApp.user", "pk": 33, "fields": {"password": "pbkdf2_sha256$216000$k3QUmD10G7du$xOP9b60uwjYwMtBwWVmZgFrLHFz36xZE2BDmGQwy+eE=", "last_login": null, "is_superuser": false, "first_name": "Ginebra", "last_name": "Gualpa", "is_staff": false, "is_active": true, "date_joined": "2021-10-31T03:47:47.382Z", "email": "correo1@correo.com", "number_id": "0914200209", "is_operador": false, "is_motorizado": true, "profile_pic": "images/profiles/2021-10-31.jpeg", "birth_date": "1996-10-30", "gender": "2", "home_loc": 70, "groups": [], "user_permissions": []}}, {"model": "backApp.user", "pk": 34, "fields": {"password": "pbkdf2_sha256$216000$jmBcIItMi7m0$mRdlSPbPU2hwEYyKWmePMO6JSZ4k03C2uh23MG3BpG0=", "last_login": null, "is_superuser": false, "first_name": "Cloja", "last_name": "Cloja", "is_staff": false, "is_active": true, "date_joined": "2021-11-01T01:34:28.777Z", "email": "clojaguevara1@hotmail.com", "number_id": "0951690148", "is_operador": false, "is_motorizado": false, "profile_pic": "images/profiles/2021-11-01.jpeg", "birth_date": "1938-10-31", "gender": "1", "home_loc": 71, "groups": [], "user_permissions": []}}, {"model": "backApp.user", "pk": 35, "fields": {"password": "pbkdf2_sha256$216000$XmuGm92dScVU$Lb/YtnR9nNPtZJCwjuLFEQrJ1b7Bbh5PuQSWakzXsu0=", "last_login": null, "is_superuser": false, "first_name": "Juan Carlos", "last_name": "Carrillo Valencia", "is_staff": false, "is_active": true, "date_joined": "2021-11-04T03:05:48.640Z", "email": "hangaroadeveloper@gmail.com", "number_id": "0917398356", "is_operador": false, "is_motorizado": true, "profile_pic": "images/profiles/2021-11-04.jpeg", "birth_date": "2000-03-11", "gender": "1", "home_loc": 72, "groups": [], "user_permissions": []}}, {"model": "backApp.user", "pk": 36, "fields": {"password": "pbkdf2_sha256$216000$sRdleAJ4N9JC$FjHZlXjeHi7fSk8jNFzs6UTSoC9fSq5C41HPlHbejqU=", "last_login": null, "is_superuser": false, "first_name": "Carlos Andres", "last_name": "Loja Guevara", "is_staff": false, "is_active": true, "date_joined": "2021-11-10T02:12:25.190Z", "email": "caloja22@espol.edu.ec", "number_id": "0951690148", "is_operador": false, "is_motorizado": false, "profile_pic": "images/profiles/2021-11-10.jpeg", "birth_date": "1987-11-09", "gender": "1", "home_loc": 74, "groups": [], "user_permissions": []}}, {"model": "backApp.motorizado", "pk": 1, "fields": {"is_busy": true, "connected": false, "isOnline": false, "id_front_photo": "images/ids/2021-10-24.jpeg", "id_back_photo": "images/ids/2021-10-24_pOpHNui.jpeg", "license_front_photo": "images/licenses/2021-10-24.jpeg", "license_back_photo": "images/licenses/2021-10-24_4TYd7cB.jpeg"}}, {"model": "backApp.motorizado", "pk": 9, "fields": {"is_busy": true, "connected": true, "isOnline": false, "id_front_photo": "images/ids/2021-10-25.jpeg", "id_back_photo": "images/ids/2021-10-25_b7tyjvS.jpeg", "license_front_photo": "images/licenses/2021-10-25.jpeg", "license_back_photo": "images/licenses/2021-10-25_xNrOVXJ.jpeg"}}, {"model": "backApp.motorizado", "pk": 30, "fields": {"is_busy": true, "connected": false, "isOnline": false, "id_front_photo": "images/ids/2021-10-27.jpeg", "id_back_photo": "images/ids/2021-10-27_swj1FlU.jpeg", "license_front_photo": "images/licenses/2021-10-27.jpeg", "license_back_photo": "images/licenses/2021-10-27_CwnCOCr.jpeg"}}, {"model": "backApp.motorizado", "pk": 31, "fields": {"is_busy": true, "connected": true, "isOnline": false, "id_front_photo": "images/ids/2021-10-27_rMQOnXl.jpeg", "id_back_photo": "images/ids/2021-10-27_6ZsTlYb.jpeg", "license_front_photo": "images/licenses/2021-10-27_cg8K5rg.jpeg", "license_back_photo": "images/licenses/2021-10-27_cqfvKkG.jpeg"}}, {"model": "backApp.motorizado", "pk": 33, "fields": {"is_busy": false, "connected": false, "isOnline": false, "id_front_photo": "images/ids/2021-10-31.jpeg", "id_back_photo": "images/ids/2021-10-31_0zHVwMv.jpeg", "license_front_photo": "images/licenses/2021-10-31.jpeg", "license_back_photo": "images/licenses/2021-10-31_YDqO811.jpeg"}}, {"model": "backApp.motorizado", "pk": 35, "fields": {"is_busy": false, "connected": true, "isOnline": false, "id_front_photo": "images/ids/2021-11-04.jpeg", "id_back_photo": "images/ids/2021-11-04_yiMBlnd.jpeg", "license_front_photo": "images/licenses/2021-11-04.jpeg", "license_back_photo": "images/licenses/2021-11-04_GRBP8x7.jpeg"}}, {"model": "backApp.local", "pk": "09814457754001", "fields": {"password": "pbkdf2_sha256$216000$AeqZuJN4IQ7x$5jxGQ2lz0KXWsO6Ugf4OMm750ki2YKOr7E0tqLNRWvg=", "location_id": 31, "name": "Italian Dely78", "email": "italian@magic.com", "logo_img": "", "reg_date": "2021-10-27", "admin": 1}}, {"model": "backApp.local", "pk": "0981457754001", "fields": {"password": "pbkdf2_sha256$216000$UY0XQwzTsUha$Kuh+9xr5RglrIgcMZ8CdITqQCahpMgZcS8WBOwLj7+E=", "location_id": 22, "name": "Italian Dely", "email": "italian@magic.com", "logo_img": "", "reg_date": "2021-10-26", "admin": 1}}, {"model": "backApp.local", "pk": "09845512001", "fields": {"password": "pbkdf2_sha256$216000$QBhxlq5zXNd0$mbjl6JKBi0pzZFTzX03O5HBDjw0UfDqwqtFyYD2RVPk=", "location_id": 47, "name": "value", "email": "correo@correo.com", "logo_img": "images/Locals/logos/dsfs.PNG", "reg_date": "2021-10-27", "admin": 1}}, {"model": "backApp.local", "pk": "0987451101001", "fields": {"password": "pbkdf2_sha256$216000$li2tLvG6nwKl$v+M17XsKL7QoC6Y5tz61Zu6eait3Ib2gFjbnPk7Ku9c=", "location_id": 61, "name": "Cabuto Online", "email": "a@abc.com", "logo_img": "images/Locals/logos/photo_2021-08-25_03-38-41.jpg", "reg_date": "2021-10-29", "admin": 1}}, {"model": "backApp.local", "pk": "0987451121001", "fields": {"password": "pbkdf2_sha256$216000$9OAH8bFzXSyS$qRpwg+qQMm2s9lgcjZyWrlNJS11tvOA736b7/QgGcBU=", "location_id": 62, "name": "ABC KFC", "email": "a@hotmail.com", "logo_img": "images/Locals/logos/dfgd_b5vWtAz.PNG", "reg_date": "2021-10-29", "admin": 1}}, {"model": "backApp.local", "pk": "0987454414001", "fields": {"password": "pbkdf2_sha256$216000$zmVwYszz6DDy$oYkaoWw93kQ3khRJELWSig/SQohrn7RhELw2ZhRmQjs=", "location_id": 67, "name": "Main", "email": "abc@correo.com", "logo_img": "images/Locals/logos/KAZUHA.png", "reg_date": "2021-10-29", "admin": 1}}, {"model": "backApp.local", "pk": "0987455445001", "fields": {"password": "pbkdf2_sha256$216000$E9gQ6PniyMFw$cJZ7aLk27r75MtHhCWIxUwoauUUJM6V7Gbw1ms8VvQE=", "location_id": 50, "name": "Deli Deluxe Premium", "email": "a@abc.com", "logo_img": "", "reg_date": "2021-10-27", "admin": 1}}, {"model": "backApp.local", "pk": "0987456625001", "fields": {"password": "pbkdf2_sha256$216000$i2xjH88P9q7S$ESFVz+leVE9yrgILyDr++705MBjcNe74eUF3xJxZeyc=", "location_id": 60, "name": "Local bonito", "email": "c@abc.com", "logo_img": "images/Locals/logos/dfgd.PNG", "reg_date": "2021-10-29", "admin": 1}}, {"model": "backApp.local", "pk": "0987456651001", "fields": {"password": "pbkdf2_sha256$216000$js27I2EcY29d$XuYBAFCdoGhb1HlnjnmYMaFClqlL7CY3e2rspV0/PLk=", "location_id": 59, "name": "Ad", "email": "a@gmial.com", "logo_img": "", "reg_date": "2021-10-29", "admin": 1}}, {"model": "backApp.local", "pk": "0987545512001", "fields": {"password": "pbkdf2_sha256$216000$kOu8cDGygdfr$KOwBNaQrumyBvdifqpWIV1m2F2QBv9Teg9AQnctT7A0=", "location_id": 34, "name": "Deli deluxe", "email": "italian@magic.com", "logo_img": "", "reg_date": "2021-10-27", "admin": 1}}, {"model": "backApp.local", "pk": "0987545577001", "fields": {"password": "pbkdf2_sha256$216000$dxPO0HGKEKu7$cAxoGXi4ndTMD++LyYHxIEUDtfLQteLVfS8zbrK+EXY=", "location_id": 66, "name": "Deluxe Mazzi", "email": "a@abc.com", "logo_img": "images/Locals/logos/photo_2021-08-25_03-38-37.jpg", "reg_date": "2021-10-29", "admin": 1}}, {"model": "backApp.local", "pk": "0987546621001", "fields": {"password": "pbkdf2_sha256$216000$drrroEydJ8HV$o9NIGgW9TbuTODkHcY9ZG5x5l0LbUkYwndtvgUGGUag=", "location_id": 51, "name": "Deluxe Maravilla", "email": "correo@correo.com", "logo_img": "", "reg_date": "2021-10-27", "admin": 1}}, {"model": "backApp.local", "pk": "0987575512001", "fields": {"password": "pbkdf2_sha256$216000$65VELt0k2RFB$MHDiG3rK8NVx1VRt8zxiT8YEMhjzxtNFc5bhY0Gso/Q=", "location_id": 43, "name": "value", "email": "correo@correo.com", "logo_img": "", "reg_date": "2021-10-27", "admin": 1}}, {"model": "backApp.local", "pk": "0993218452620", "fields": {"password": "pbkdf2_sha256$216000$y8SZl1bHL3lk$BG8140kHHuFGtCpUUtHvyruX9+VHlgGLn3rjEYVf07M=", "location_id": 69, "name": "Mochis", "email": "juancarlos.carrillovalenciares@gmail.com", "logo_img": "images/Locals/logos/sobre.png", "reg_date": "2021-10-29", "admin": 1}}, {"model": "backApp.local", "pk": "0993218546001", "fields": {"password": "pbkdf2_sha256$216000$9o3e7wRNLOTM$0TgzbFPqpYbXVzVS+3BrJylYgOpznVzOw05YoPHO1hE=", "location_id": 75, "name": "Cabutos", "email": "juancarlos.carrillovalenciares@gmail.com", "logo_img": "", "reg_date": null, "admin": 1}}, {"model": "backApp.colorvehicle", "pk": 1, "fields": {"color": "azul"}}, {"model": "backApp.colorvehicle", "pk": 2, "fields": {"color": "rojo"}}, {"model": "backApp.typevehicle", "pk": 1, "fields": {"type_vehicle": "Auto"}}, {"model": "backApp.typevehicle", "pk": 2, "fields": {"type_vehicle": "Motocicleta"}}, {"model": "backApp.modelsvehicle", "pk": 1, "fields": {"model": "Aveo", "type_vehicle": 1}}, {"model": "backApp.modelsvehicle", "pk": 2, "fields": {"model": "Nissan", "type_vehicle": 1}}, {"model": "backApp.modelsvehicle", "pk": 3, "fields": {"model": "Renault", "type_vehicle": 2}}, {"model": "backApp.modelsvehicle", "pk": 4, "fields": {"model": "Honda", "type_vehicle": 2}}, {"model": "backApp.modelsvehicle", "pk": 5, "fields": {"model": "Yamaha", "type_vehicle": 2}}, {"model": "backApp.vehicle", "pk": 1, "fields": {"year": 2010, "plate_number": "gsm-2321", "plate_photo": "images/plates/2021-10-24.jpeg", "right_photo": "images/vehicles/2021-10-24.jpeg", "left_photo": "images/vehicles/2021-10-24_dtMUYjE.jpeg", "front_photo": "images/vehicles/2021-10-24_pjcxVAA.jpeg", "back_photo": "images/vehicles/2021-10-24_T8jxB1v.jpeg", "front_regis_photo": "images/registrations/2021-10-24.jpeg", "back_regis_photo": "images/registrations/2021-10-24_g1T72fM.jpeg", "veh_model": 1, "motorizado": 1, "color": 2, "type_vehicle": 1}}, {"model": "backApp.vehicle", "pk": 2, "fields": {"year": 2000, "plate_number": "sdf-2123", "plate_photo": "images/plates/2021-10-25.jpeg", "right_photo": "images/vehicles/2021-10-25.jpeg", "left_photo": "images/vehicles/2021-10-25_Wlguflf.jpeg", "front_photo": "images/vehicles/2021-10-25_B0XpOyk.jpeg", "back_photo": "images/vehicles/2021-10-25_x9gDWr5.jpeg", "front_regis_photo": "images/registrations/2021-10-25.jpeg", "back_regis_photo": "images/registrations/2021-10-25_FjvuZZ8.jpeg", "veh_model": 2, "motorizado": 9, "color": 2, "type_vehicle": 1}}, {"model": "backApp.vehicle", "pk": 3, "fields": {"year": 2000, "plate_number": "gsj-2133", "plate_photo": "images/plates/2021-10-27.jpeg", "right_photo": "images/vehicles/2021-10-27.jpeg", "left_photo": "images/vehicles/2021-10-27_raIBB34.jpeg", "front_photo": "images/vehicles/2021-10-27_Si5dIGr.jpeg", "back_photo": "images/vehicles/2021-10-27_3VTnmvZ.jpeg", "front_regis_photo": "images/registrations/2021-10-27.jpeg", "back_regis_photo": "images/registrations/2021-10-27_C04DW0f.jpeg", "veh_model": 1, "motorizado": 30, "color": 1, "type_vehicle": 1}}, {"model": "backApp.vehicle", "pk": 4, "fields": {"year": 2021, "plate_number": "GSj-7654", "plate_photo": "images/plates/2021-10-27_7ACYKuB.jpeg", "right_photo": "images/vehicles/2021-10-27_gtWDX9G.jpeg", "left_photo": "images/vehicles/2021-10-27_V5HVM4R.jpeg", "front_photo": "images/vehicles/2021-10-27_QCY7P02.jpeg", "back_photo": "images/vehicles/2021-10-27_HFCYGC9.jpeg", "front_regis_photo": "images/registrations/2021-10-27_POCaQny.jpeg", "back_regis_photo": "images/registrations/2021-10-27_Sjt72Iz.jpeg", "veh_model": 3, "motorizado": 31, "color": 2, "type_vehicle": 2}}, {"model": "backApp.vehicle", "pk": 5, "fields": {"year": 2008, "plate_number": "ASB-3414", "plate_photo": "images/plates/2021-10-31.jpeg", "right_photo": "images/vehicles/2021-10-31.jpeg", "left_photo": "images/vehicles/2021-10-31_wnkhYuu.jpeg", "front_photo": "images/vehicles/2021-10-31_5K4lQp0.jpeg", "back_photo": "images/vehicles/2021-10-31_msBBRjY.jpeg", "front_regis_photo": "images/registrations/2021-10-31.jpeg", "back_regis_photo": "images/registrations/2021-10-31_5t8Ks62.jpeg", "veh_model": 2, "motorizado": 33, "color": 2, "type_vehicle": 1}}, {"model": "backApp.vehicle", "pk": 6, "fields": {"year": 2005, "plate_number": "gao-5678", "plate_photo": "images/plates/2021-11-04.jpeg", "right_photo": "images/vehicles/2021-11-04.jpeg", "left_photo": "images/vehicles/2021-11-04_2DcV9Z0.jpeg", "front_photo": "images/vehicles/2021-11-04_6Y8gdbd.jpeg", "back_photo": "images/vehicles/2021-11-04_xKeGruw.jpeg", "front_regis_photo": "images/registrations/2021-11-04.jpeg", "back_regis_photo": "images/registrations/2021-11-04_t51mGZP.jpeg", "veh_model": 1, "motorizado": 35, "color": 1, "type_vehicle": 1}}, {"model": "backApp.client", "pk": 1, "fields": {"id_number": "0999999222", "name": "Cliente1", "apellido": "ApellidoCliente1", "email": "cliente@mail.com"}}, {"model": "backApp.client", "pk": 2, "fields": {"id_number": "951690148", "name": "Carlos", "apellido": "Loja", "email": "caloja@espol.edu.ec"}}, {"model": "backApp.client", "pk": 3, "fields": {"id_number": "951690148", "name": "Camila", "apellido": "Loja", "email": "camloja@espol.edu.ec"}}, {"model": "backApp.phone", "pk": 1, "fields": {"pho_number": "0999999999"}}, {"model": "backApp.phone", "pk": 2, "fields": {"pho_number": "0999999999"}}, {"model": "backApp.phone", "pk": 3, "fields": {"pho_number": "0999999999"}}, {"model": "backApp.phone", "pk": 4, "fields": {"pho_number": "0999999999"}}, {"model": "backApp.phone", "pk": 5, "fields": {"pho_number": "0999999999"}}, {"model": "backApp.phone", "pk": 6, "fields": {"pho_number": "0999999999"}}, {"model": "backApp.phone", "pk": 7, "fields": {"pho_number": "0969648359"}}, {"model": "backApp.phone", "pk": 8, "fields": {"pho_number": "0969648359"}}, {"model": "backApp.phone", "pk": 9, "fields": {"pho_number": "0969648359"}}, {"model": "backApp.phone", "pk": 10, "fields": {"pho_number": "0969648359"}}, {"model": "backApp.phone", "pk": 11, "fields": {"pho_number": "0969648359"}}, {"model": "backApp.phone", "pk": 12, "fields": {"pho_number": "0969648359"}}, {"model": "backApp.phone", "pk": 13, "fields": {"pho_number": "0969648359"}}, {"model": "backApp.phone", "pk": 14, "fields": {"pho_number": "0999999999"}}, {"model": "backApp.phone", "pk": 15, "fields": {"pho_number": "0969648359"}}, {"model": "backApp.phone", "pk": 16, "fields": {"pho_number": "0969648359"}}, {"model": "backApp.phone", "pk": 17, "fields": {"pho_number": "0969648359"}}, {"model": "backApp.phone", "pk": 18, "fields": {"pho_number": "0999999999"}}, {"model": "backApp.phone", "pk": 19, "fields": {"pho_number": "0999999999"}}, {"model": "backApp.phone", "pk": 20, "fields": {"pho_number": "0999999999"}}, {"model": "backApp.phone", "pk": 21, "fields": {"pho_number": "0969648359"}}, {"model": "backApp.phone", "pk": 22, "fields": {"pho_number": "0980062280"}}, {"model": "backApp.phone", "pk": 23, "fields": {"pho_number": "0919922252"}}, {"model": "backApp.phone", "pk": 24, "fields": {"pho_number": "0985215547"}}, {"model": "backApp.phone", "pk": 25, "fields": {"pho_number": "0969648359"}}, {"model": "backApp.phone", "pk": 26, "fields": {"pho_number": "0980062280"}}, {"model": "backApp.phone", "pk": 27, "fields": {"pho_number": "0969648359"}}, {"model": "backApp.phoneuser", "pk": 1, "fields": {"idPhone": 4, "user": 6}}, {"model": "backApp.phoneuser", "pk": 2, "fields": {"idPhone": 5, "user": 7}}, {"model": "backApp.phoneuser", "pk": 3, "fields": {"idPhone": 6, "user": 8}}, {"model": "backApp.phoneuser", "pk": 4, "fields": {"idPhone": 7, "user": 14}}, {"model": "backApp.phoneuser", "pk": 5, "fields": {"idPhone": 8, "user": 17}}, {"model": "backApp.phoneuser", "pk": 6, "fields": {"idPhone": 9, "user": 18}}, {"model": "backApp.phoneuser", "pk": 7, "fields": {"idPhone": 10, "user": 19}}, {"model": "backApp.phoneuser", "pk": 8, "fields": {"idPhone": 11, "user": 20}}, {"model": "backApp.phoneuser", "pk": 9, "fields": {"idPhone": 12, "user": 21}}, {"model": "backApp.phoneuser", "pk": 10, "fields": {"idPhone": 13, "user": 22}}, {"model": "backApp.phoneuser", "pk": 11, "fields": {"idPhone": 14, "user": 23}}, {"model": "backApp.phoneuser", "pk": 12, "fields": {"idPhone": 15, "user": 24}}, {"model": "backApp.phoneuser", "pk": 13, "fields": {"idPhone": 16, "user": 25}}, {"model": "backApp.phoneuser", "pk": 14, "fields": {"idPhone": 17, "user": 26}}, {"model": "backApp.phoneuser", "pk": 15, "fields": {"idPhone": 18, "user": 27}}, {"model": "backApp.phoneuser", "pk": 16, "fields": {"idPhone": 19, "user": 28}}, {"model": "backApp.phoneuser", "pk": 17, "fields": {"idPhone": 20, "user": 29}}, {"model": "backApp.phoneuser", "pk": 18, "fields": {"idPhone": 21, "user": 30}}, {"model": "backApp.phoneuser", "pk": 19, "fields": {"idPhone": 22, "user": 31}}, {"model": "backApp.phoneuser", "pk": 20, "fields": {"idPhone": 23, "user": 32}}, {"model": "backApp.phoneuser", "pk": 21, "fields": {"idPhone": 24, "user": 33}}, {"model": "backApp.phoneuser", "pk": 22, "fields": {"idPhone": 25, "user": 34}}, {"model": "backApp.phoneuser", "pk": 23, "fields": {"idPhone": 26, "user": 35}}, {"model": "backApp.phoneuser", "pk": 24, "fields": {"idPhone": 27, "user": 36}}, {"model": "backApp.order", "pk": 1, "fields": {"details": "Hamburguesa triple", "price": 5.0, "delivery_price": null, "state": 1, "start_time": "2021-10-27T00:02:39.122Z", "mot_assigned_time": null, "deliv_start_time": null, "arriv_estimated_time": null, "real_arriv_time": null, "is_paid": false, "motorizado": null, "operador": null, "client": 1, "destiny_loc": 1, "local": "0981457754001", "payment": null, "mot_paid": false}}, {"model": "backApp.order", "pk": 2, "fields": {"details": "Sanduche de chancho", "price": 2.5, "delivery_price": null, "state": 1, "start_time": "2021-10-27T00:05:21.386Z", "mot_assigned_time": "2021-11-17T03:24:38.935Z", "deliv_start_time": null, "arriv_estimated_time": null, "real_arriv_time": null, "is_paid": false, "motorizado": 9, "operador": null, "client": 1, "destiny_loc": 1, "local": "0981457754001", "payment": null, "mot_paid": false}}, {"model": "backApp.order", "pk": 3, "fields": {"details": "Pizza de Pepperoni Grande", "price": 10.0, "delivery_price": null, "state": 1, "start_time": "2021-11-10T22:11:00.497Z", "mot_assigned_time": "2021-11-18T04:48:41.030Z", "deliv_start_time": null, "arriv_estimated_time": null, "real_arriv_time": null, "is_paid": true, "motorizado": 9, "operador": null, "client": 1, "destiny_loc": 1, "local": "0981457754001", "payment": null, "mot_paid": false}}, {"model": "backApp.order", "pk": 4, "fields": {"details": "Encebollado", "price": 4.3, "delivery_price": 5.0, "state": 1, "start_time": "2021-11-22T00:02:39.122Z", "mot_assigned_time": "2021-11-17T02:48:35.191Z", "deliv_start_time": null, "arriv_estimated_time": null, "real_arriv_time": null, "is_paid": false, "motorizado": 9, "operador": null, "client": 2, "destiny_loc": 67, "local": "0993218452620", "payment": null, "mot_paid": true}}, {"model": "backApp.order", "pk": 5, "fields": {"details": "Cola", "price": 4.3, "delivery_price": 5.0, "state": 1, "start_time": "2021-11-22T00:02:39.122Z", "mot_assigned_time": "2021-11-17T02:46:14.175Z", "deliv_start_time": null, "arriv_estimated_time": null, "real_arriv_time": null, "is_paid": false, "motorizado": 31, "operador": null, "client": 2, "destiny_loc": 67, "local": "0993218546001", "payment": null, "mot_paid": true}}, {"model": "backApp.order", "pk": 6, "fields": {"details": "MASAPAN", "price": 7.9, "delivery_price": 5.0, "state": 4, "start_time": null, "mot_assigned_time": "2021-11-21T15:13:48.784Z", "deliv_start_time": "2021-11-21T15:13:53.058Z", "arriv_estimated_time": "2021-11-21T15:33:02.056Z", "real_arriv_time": null, "is_paid": false, "motorizado": 9, "operador": null, "client": 3, "destiny_loc": 76, "local": "0993218546001", "payment": null, "mot_paid": false}}]